species	subfamily	theta	flank_len	source_headers	analyzed_loci	normal_singleton_loci	abnormal_clustered_loci	pct_abnormal_clustered_loci	incomplete_flanks	ambiguous_or_low_complexity_flanks	bad_headers	unique_flank_pairs	allowed_mismatches	exact_lsh_blocks	used_lsh_blocks	max_bucket_size	candidate_pairs	candidate_limit_reached	skipped_large_buckets	n_edges_both_flanks	n_components_non_singleton	n_pairs	n_triples	n_quads	n_larger_components	max_component_size	tandem_satellite_loci	same_contig_local_loci	same_contig_segmental_loci	dispersed_cross_contig_loci	suspicious_sequential_contigs_loci	run_dir	source_fasta
Achalinus_rufescens	sq2_long_gecko_dibamus	0.90	50	1006	1006	964	42	4.175	0	0	0	993	5	6	4	500	108	0	0	24	20	18	2	0	0	3	8	21	0	13	0	/scratch/sk4386/sq2_sinederella_2consensus_20260514/run/Achalinus_rufescens/run_20260514_110221	/scratch/sk4386/sq2_sinederella_2consensus_20260514/run/Achalinus_rufescens/run_20260514_110221/step2/step2_output/subfamilies/sq2_long_gecko_dibamus_50pct_from_nonsnakes_consensi.fasta
Achalinus_rufescens	sq2_short_general	0.90	50	1480	1480	1440	40	2.7027	0	0	0	1470	5	6	4	500	24	0	0	23	19	17	2	0	0	3	6	20	0	14	0	/scratch/sk4386/sq2_sinederella_2consensus_20260514/run/Achalinus_rufescens/run_20260514_110221	/scratch/sk4386/sq2_sinederella_2consensus_20260514/run/Achalinus_rufescens/run_20260514_110221/step2/step2_output/subfamilies/sq2_short_general_50pct_from_nonsnakes_consensi.fasta
Achalinus_rufescens	sq2_unassigned	0.90	50	540	540	525	15	2.7778	0	0	0	533	5	6	4	500	93	0	0	9	7	6	1	0	0	3	2	7	0	6	0	/scratch/sk4386/sq2_sinederella_2consensus_20260514/run/Achalinus_rufescens/run_20260514_110221	/scratch/sk4386/sq2_sinederella_2consensus_20260514/run/Achalinus_rufescens/run_20260514_110221/step2/step2_output/unassigned.fasta
Acrochordus_granulatus	sq2_long_gecko_dibamus	0.90	50	1407	1388	1388	0	0.0	10	9	0	1388	5	6	4	500	0	0	0	0	0	0	0	0	0	0	0	0	0	0	0	/scratch/sk4386/sq2_sinederella_2consensus_20260514/run/Acrochordus_granulatus/run_20260514_110221	/scratch/sk4386/sq2_sinederella_2consensus_20260514/run/Acrochordus_granulatus/run_20260514_110221/step2/step2_output/subfamilies/sq2_long_gecko_dibamus_50pct_from_nonsnakes_consensi.fasta
Acrochordus_granulatus	sq2_short_general	0.90	50	2196	2161	2161	0	0.0	19	15	1	2161	5	6	4	500	0	0	0	0	0	0	0	0	0	0	0	0	0	0	0	/scratch/sk4386/sq2_sinederella_2consensus_20260514/run/Acrochordus_granulatus/run_20260514_110221	/scratch/sk4386/sq2_sinederella_2consensus_20260514/run/Acrochordus_granulatus/run_20260514_110221/step2/step2_output/subfamilies/sq2_short_general_50pct_from_nonsnakes_consensi.fasta
Acrochordus_granulatus	sq2_unassigned	0.90	50	814	800	800	0	0.0	10	4	0	800	5	6	4	500	0	0	0	0	0	0	0	0	0	0	0	0	0	0	0	/scratch/sk4386/sq2_sinederella_2consensus_20260514/run/Acrochordus_granulatus/run_20260514_110221	/scratch/sk4386/sq2_sinederella_2consensus_20260514/run/Acrochordus_granulatus/run_20260514_110221/step2/step2_output/unassigned.fasta
Amphiglossus_igneocaudatus	sq2_long_gecko_dibamus	0.90	50	7303	7297	7258	39	0.5345	0	1	5	7289	5	6	4	500	147	0	0	25	18	16	1	1	0	4	0	13	2	24	0	/scratch/sk4386/sq2_sinederella_2consensus_20260514/run/Amphiglossus_igneocaudatus/run_20260514_171451	/scratch/sk4386/sq2_sinederella_2consensus_20260514/run/Amphiglossus_igneocaudatus/run_20260514_171451/step2/step2_output/subfamilies/sq2_long_gecko_dibamus_50pct_from_nonsnakes_consensi.fasta
Amphiglossus_igneocaudatus	sq2_short_general	0.90	50	22128	22105	21889	216	0.9772	0	3	20	22016	5	6	4	500	103	0	0	417	82	73	2	1	6	17	6	62	4	144	0	/scratch/sk4386/sq2_sinederella_2consensus_20260514/run/Amphiglossus_igneocaudatus/run_20260514_171451	/scratch/sk4386/sq2_sinederella_2consensus_20260514/run/Amphiglossus_igneocaudatus/run_20260514_171451/step2/step2_output/subfamilies/sq2_short_general_50pct_from_nonsnakes_consensi.fasta
Amphiglossus_igneocaudatus	sq2_unassigned	0.90	50	9148	9140	9013	127	1.3895	0	2	6	9070	5	6	4	500	182	0	0	456	37	31	1	0	5	21	0	16	2	109	0	/scratch/sk4386/sq2_sinederella_2consensus_20260514/run/Amphiglossus_igneocaudatus/run_20260514_171451	/scratch/sk4386/sq2_sinederella_2consensus_20260514/run/Amphiglossus_igneocaudatus/run_20260514_171451/step2/step2_output/unassigned.fasta
Amphisbaena_fuliginosa	sq2_long_gecko_dibamus	0.90	50	4595	4591	4522	69	1.5029	0	0	4	4560	5	6	4	500	14	0	0	60	29	23	4	0	2	6	2	18	4	45	0	/scratch/sk4386/sq2_sinederella_2consensus_20260514/run/Amphisbaena_fuliginosa/run_20260514_171630	/scratch/sk4386/sq2_sinederella_2consensus_20260514/run/Amphisbaena_fuliginosa/run_20260514_171630/step2/step2_output/subfamilies/sq2_long_gecko_dibamus_50pct_from_nonsnakes_consensi.fasta
Amphisbaena_fuliginosa	sq2_short_general	0.90	50	26772	26731	25804	927	3.4679	0	4	37	26395	5	6	4	500	1199	0	0	2934	298	225	30	13	30	40	0	266	17	451	193	/scratch/sk4386/sq2_sinederella_2consensus_20260514/run/Amphisbaena_fuliginosa/run_20260514_171630	/scratch/sk4386/sq2_sinederella_2consensus_20260514/run/Amphisbaena_fuliginosa/run_20260514_171630/step2/step2_output/subfamilies/sq2_short_general_50pct_from_nonsnakes_consensi.fasta
Amphisbaena_fuliginosa	sq2_unassigned	0.90	50	10759	10748	10227	521	4.8474	0	0	11	10571	5	6	4	500	608	0	0	1201	166	112	25	9	20	23	2	148	15	237	119	/scratch/sk4386/sq2_sinederella_2consensus_20260514/run/Amphisbaena_fuliginosa/run_20260514_171630	/scratch/sk4386/sq2_sinederella_2consensus_20260514/run/Amphisbaena_fuliginosa/run_20260514_171630/step2/step2_output/unassigned.fasta
Anilios_bituberculatus	sq2_long_gecko_dibamus	0.90	50	1617	1392	1392	0	0.0	124	101	0	1392	5	6	4	500	0	0	0	0	0	0	0	0	0	0	0	0	0	0	0	/scratch/sk4386/sq2_sinederella_2consensus_20260514/run/Anilios_bituberculatus/run_20260514_110221	/scratch/sk4386/sq2_sinederella_2consensus_20260514/run/Anilios_bituberculatus/run_20260514_110221/step2/step2_output/subfamilies/sq2_long_gecko_dibamus_50pct_from_nonsnakes_consensi.fasta
Anilios_bituberculatus	sq2_short_general	0.90	50	2246	2007	2007	0	0.0	112	127	0	2007	5	6	4	500	3	0	0	0	0	0	0	0	0	0	0	0	0	0	0	/scratch/sk4386/sq2_sinederella_2consensus_20260514/run/Anilios_bituberculatus/run_20260514_110221	/scratch/sk4386/sq2_sinederella_2consensus_20260514/run/Anilios_bituberculatus/run_20260514_110221/step2/step2_output/subfamilies/sq2_short_general_50pct_from_nonsnakes_consensi.fasta
Anilios_bituberculatus	sq2_unassigned	0.90	50	1373	1109	1109	0	0.0	124	140	0	1109	5	6	4	500	3	0	0	0	0	0	0	0	0	0	0	0	0	0	0	/scratch/sk4386/sq2_sinederella_2consensus_20260514/run/Anilios_bituberculatus/run_20260514_110221	/scratch/sk4386/sq2_sinederella_2consensus_20260514/run/Anilios_bituberculatus/run_20260514_110221/step2/step2_output/unassigned.fasta
Anilios_erycinus_AMNHR176839	sq2_long_gecko_dibamus	0.90	50	21242	21192	19692	1500	7.0781	39	7	4	20836	5	6	4	500	943814	0	10	42872	228	136	30	19	43	186	23	26	0	861	590	/scratch/sk4386/sq2_sinederella_2consensus_20260514/run/Anilios_erycinus_AMNHR176839/run_20260514_172700	/scratch/sk4386/sq2_sinederella_2consensus_20260514/run/Anilios_erycinus_AMNHR176839/run_20260514_172700/step2/step2_output/subfamilies/sq2_long_gecko_dibamus_50pct_from_nonsnakes_consensi.fasta
Anilios_erycinus_AMNHR176839	sq2_short_general	0.90	50	5767	5755	5581	174	3.0235	10	1	1	5719	5	6	4	500	1482	0	0	398	51	38	1	2	10	14	2	8	0	160	4	/scratch/sk4386/sq2_sinederella_2consensus_20260514/run/Anilios_erycinus_AMNHR176839/run_20260514_172700	/scratch/sk4386/sq2_sinederella_2consensus_20260514/run/Anilios_erycinus_AMNHR176839/run_20260514_172700/step2/step2_output/subfamilies/sq2_short_general_50pct_from_nonsnakes_consensi.fasta
Anilios_erycinus_AMNHR176839	sq2_unassigned	0.90	50	5149	5139	4926	213	4.1448	10	0	0	5100	5	6	4	500	9793	0	0	657	59	39	3	3	14	23	4	10	0	197	2	/scratch/sk4386/sq2_sinederella_2consensus_20260514/run/Anilios_erycinus_AMNHR176839/run_20260514_172700	/scratch/sk4386/sq2_sinederella_2consensus_20260514/run/Anilios_erycinus_AMNHR176839/run_20260514_172700/step2/step2_output/unassigned.fasta
Anilius_scytale	sq2_long_gecko_dibamus	0.90	50	2673	2613	2613	0	0.0	57	3	0	2613	5	6	4	500	1	0	0	0	0	0	0	0	0	0	0	0	0	0	0	/scratch/sk4386/sq2_sinederella_2consensus_20260514/run/Anilius_scytale/run_20260514_110221	/scratch/sk4386/sq2_sinederella_2consensus_20260514/run/Anilius_scytale/run_20260514_110221/step2/step2_output/subfamilies/sq2_long_gecko_dibamus_50pct_from_nonsnakes_consensi.fasta
Anilius_scytale	sq2_short_general	0.90	50	4323	4224	4219	5	0.1184	97	2	0	4224	5	6	4	500	8	0	0	4	2	1	1	0	0	3	0	0	0	5	0	/scratch/sk4386/sq2_sinederella_2consensus_20260514/run/Anilius_scytale/run_20260514_110221	/scratch/sk4386/sq2_sinederella_2consensus_20260514/run/Anilius_scytale/run_20260514_110221/step2/step2_output/subfamilies/sq2_short_general_50pct_from_nonsnakes_consensi.fasta
Anilius_scytale	sq2_unassigned	0.90	50	1442	1417	1417	0	0.0	25	0	0	1417	5	6	4	500	1	0	0	0	0	0	0	0	0	0	0	0	0	0	0	/scratch/sk4386/sq2_sinederella_2consensus_20260514/run/Anilius_scytale/run_20260514_110221	/scratch/sk4386/sq2_sinederella_2consensus_20260514/run/Anilius_scytale/run_20260514_110221/step2/step2_output/unassigned.fasta
Anilius_scytale_AMNHR152258	sq2_long_gecko_dibamus	0.90	50	3646	3643	3623	20	0.549	0	3	0	3640	5	6	4	500	1604	0	0	15	7	5	1	0	1	7	0	8	0	12	0	/scratch/sk4386/sq2_sinederella_2consensus_20260514/run/Anilius_scytale_AMNHR152258/run_20260514_172719	/scratch/sk4386/sq2_sinederella_2consensus_20260514/run/Anilius_scytale_AMNHR152258/run_20260514_172719/step2/step2_output/subfamilies/sq2_long_gecko_dibamus_50pct_from_nonsnakes_consensi.fasta
Anilius_scytale_AMNHR152258	sq2_short_general	0.90	50	4730	4726	4699	27	0.5713	0	3	1	4720	5	6	4	500	49	0	0	35	9	5	3	0	1	8	0	15	8	4	0	/scratch/sk4386/sq2_sinederella_2consensus_20260514/run/Anilius_scytale_AMNHR152258/run_20260514_172719	/scratch/sk4386/sq2_sinederella_2consensus_20260514/run/Anilius_scytale_AMNHR152258/run_20260514_172719/step2/step2_output/subfamilies/sq2_short_general_50pct_from_nonsnakes_consensi.fasta
Anilius_scytale_AMNHR152258	sq2_unassigned	0.90	50	2896	2893	2872	21	0.7259	0	3	0	2891	5	6	4	500	1643	0	0	17	7	4	2	0	1	7	0	7	0	14	0	/scratch/sk4386/sq2_sinederella_2consensus_20260514/run/Anilius_scytale_AMNHR152258/run_20260514_172719	/scratch/sk4386/sq2_sinederella_2consensus_20260514/run/Anilius_scytale_AMNHR152258/run_20260514_172719/step2/step2_output/unassigned.fasta
Anniella_stebbinsi	sq2_long_gecko_dibamus	0.90	50	18902	18884	18727	157	0.8314	0	5	13	18830	5	6	4	500	799	0	0	192	57	39	7	4	7	9	2	95	16	44	0	/scratch/sk4386/sq2_sinederella_2consensus_20260514/run/Anniella_stebbinsi/run_20260514_110557	/scratch/sk4386/sq2_sinederella_2consensus_20260514/run/Anniella_stebbinsi/run_20260514_110557/step2/step2_output/subfamilies/sq2_long_gecko_dibamus_50pct_from_nonsnakes_consensi.fasta
Anniella_stebbinsi	sq2_short_general	0.90	50	35735	35624	35243	381	1.0695	0	6	105	35537	5	6	4	500	418	0	0	415	141	99	23	5	14	11	4	234	18	125	0	/scratch/sk4386/sq2_sinederella_2consensus_20260514/run/Anniella_stebbinsi/run_20260514_110557	/scratch/sk4386/sq2_sinederella_2consensus_20260514/run/Anniella_stebbinsi/run_20260514_110557/step2/step2_output/subfamilies/sq2_short_general_50pct_from_nonsnakes_consensi.fasta
Anniella_stebbinsi	sq2_unassigned	0.90	50	15689	15673	15500	173	1.1038	0	4	12	15625	5	6	4	500	902	0	0	192	63	45	5	5	8	11	2	90	16	65	0	/scratch/sk4386/sq2_sinederella_2consensus_20260514/run/Anniella_stebbinsi/run_20260514_110557	/scratch/sk4386/sq2_sinederella_2consensus_20260514/run/Anniella_stebbinsi/run_20260514_110557/step2/step2_output/unassigned.fasta
Anolis_carolinensis	sq2_long_gecko_dibamus	0.90	50	2305	2305	2301	4	0.1735	0	0	0	2304	5	6	4	500	1	0	0	2	2	2	0	0	0	2	0	2	0	2	0	/scratch/sk4386/sq2_sinederella_2consensus_20260514/run/Anolis_carolinensis/run_20260514_110610	/scratch/sk4386/sq2_sinederella_2consensus_20260514/run/Anolis_carolinensis/run_20260514_110610/step2/step2_output/subfamilies/sq2_long_gecko_dibamus_50pct_from_nonsnakes_consensi.fasta
Anolis_carolinensis	sq2_short_general	0.90	50	3624	3624	3590	34	0.9382	0	0	0	3611	5	6	4	500	123	0	0	41	12	8	1	0	3	5	11	8	0	15	0	/scratch/sk4386/sq2_sinederella_2consensus_20260514/run/Anolis_carolinensis/run_20260514_110610	/scratch/sk4386/sq2_sinederella_2consensus_20260514/run/Anolis_carolinensis/run_20260514_110610/step2/step2_output/subfamilies/sq2_short_general_50pct_from_nonsnakes_consensi.fasta
Anolis_carolinensis	sq2_unassigned	0.90	50	2395	2394	2372	22	0.919	0	0	1	2389	5	6	4	500	121	0	0	20	9	7	1	0	1	5	7	8	0	7	0	/scratch/sk4386/sq2_sinederella_2consensus_20260514/run/Anolis_carolinensis/run_20260514_110610	/scratch/sk4386/sq2_sinederella_2consensus_20260514/run/Anolis_carolinensis/run_20260514_110610/step2/step2_output/unassigned.fasta
Aristelliger_praesignis	sq2_long_gecko_dibamus	0.90	50	44994	44887	44438	449	1.0003	5	11	91	44790	5	6	4	500	2443	0	0	674	165	129	16	5	15	14	6	186	24	94	139	/scratch/sk4386/sq2_sinederella_2consensus_20260514/run/Aristelliger_praesignis/run_20260514_110639	/scratch/sk4386/sq2_sinederella_2consensus_20260514/run/Aristelliger_praesignis/run_20260514_110639/step2/step2_output/subfamilies/sq2_long_gecko_dibamus_50pct_from_nonsnakes_consensi.fasta
Aristelliger_praesignis	sq2_short_general	0.90	50	5010	5007	4956	51	1.0186	1	1	1	4997	5	6	4	500	38	0	0	37	22	18	2	1	1	5	4	14	2	19	12	/scratch/sk4386/sq2_sinederella_2consensus_20260514/run/Aristelliger_praesignis/run_20260514_110639	/scratch/sk4386/sq2_sinederella_2consensus_20260514/run/Aristelliger_praesignis/run_20260514_110639/step2/step2_output/subfamilies/sq2_short_general_50pct_from_nonsnakes_consensi.fasta
Aristelliger_praesignis	sq2_unassigned	0.90	50	15549	15535	15405	130	0.8368	4	4	6	15505	5	6	4	500	110	0	0	135	52	39	8	3	2	9	4	56	6	35	29	/scratch/sk4386/sq2_sinederella_2consensus_20260514/run/Aristelliger_praesignis/run_20260514_110639	/scratch/sk4386/sq2_sinederella_2consensus_20260514/run/Aristelliger_praesignis/run_20260514_110639/step2/step2_output/unassigned.fasta
Arizona_elegans	sq2_long_gecko_dibamus	0.90	50	913	913	909	4	0.4381	0	0	0	911	5	6	4	500	0	0	0	2	2	2	0	0	0	2	0	4	0	0	0	/scratch/sk4386/sq2_sinederella_2consensus_20260514/run/Arizona_elegans/run_20260514_110656	/scratch/sk4386/sq2_sinederella_2consensus_20260514/run/Arizona_elegans/run_20260514_110656/step2/step2_output/subfamilies/sq2_long_gecko_dibamus_50pct_from_nonsnakes_consensi.fasta
Arizona_elegans	sq2_short_general	0.90	50	1579	1578	1553	25	1.5843	0	1	0	1575	5	6	4	500	30	0	0	32	8	4	0	3	1	5	0	10	2	13	0	/scratch/sk4386/sq2_sinederella_2consensus_20260514/run/Arizona_elegans/run_20260514_110656	/scratch/sk4386/sq2_sinederella_2consensus_20260514/run/Arizona_elegans/run_20260514_110656/step2/step2_output/subfamilies/sq2_short_general_50pct_from_nonsnakes_consensi.fasta
Arizona_elegans	sq2_unassigned	0.90	50	448	448	438	10	2.2321	0	0	0	445	5	6	4	500	9	0	0	13	3	1	0	2	0	4	0	6	0	4	0	/scratch/sk4386/sq2_sinederella_2consensus_20260514/run/Arizona_elegans/run_20260514_110656	/scratch/sk4386/sq2_sinederella_2consensus_20260514/run/Arizona_elegans/run_20260514_110656/step2/step2_output/unassigned.fasta
Asaccus_caudivolvulus	sq2_long_gecko_dibamus	0.90	50	61788	61614	61234	380	0.6167	0	9	165	61536	5	6	4	500	417	0	0	531	138	100	20	9	9	15	29	162	55	134	0	/scratch/sk4386/sq2_sinederella_2consensus_20260514/run/Asaccus_caudivolvulus/run_20260514_111136	/scratch/sk4386/sq2_sinederella_2consensus_20260514/run/Asaccus_caudivolvulus/run_20260514_111136/step2/step2_output/subfamilies/sq2_long_gecko_dibamus_50pct_from_nonsnakes_consensi.fasta
Asaccus_caudivolvulus	sq2_short_general	0.90	50	5741	5738	5726	12	0.2091	0	0	3	5737	5	6	4	500	33	0	0	6	6	6	0	0	0	2	6	4	2	0	0	/scratch/sk4386/sq2_sinederella_2consensus_20260514/run/Asaccus_caudivolvulus/run_20260514_111136	/scratch/sk4386/sq2_sinederella_2consensus_20260514/run/Asaccus_caudivolvulus/run_20260514_111136/step2/step2_output/subfamilies/sq2_short_general_50pct_from_nonsnakes_consensi.fasta
Asaccus_caudivolvulus	sq2_unassigned	0.90	50	19165	19148	18998	150	0.7834	0	0	17	19117	5	6	4	500	178	0	0	172	58	43	8	3	4	11	16	63	24	47	0	/scratch/sk4386/sq2_sinederella_2consensus_20260514/run/Asaccus_caudivolvulus/run_20260514_111136	/scratch/sk4386/sq2_sinederella_2consensus_20260514/run/Asaccus_caudivolvulus/run_20260514_111136/step2/step2_output/unassigned.fasta
Aspidoscelis_tigris	sq2_long_gecko_dibamus	0.90	50	2901	2900	2898	2	0.069	0	1	0	2900	5	6	4	500	24	0	0	1	1	1	0	0	0	2	0	0	0	2	0	/scratch/sk4386/sq2_sinederella_2consensus_20260514/run/Aspidoscelis_tigris/run_20260514_111202	/scratch/sk4386/sq2_sinederella_2consensus_20260514/run/Aspidoscelis_tigris/run_20260514_111202/step2/step2_output/subfamilies/sq2_long_gecko_dibamus_50pct_from_nonsnakes_consensi.fasta
Aspidoscelis_tigris	sq2_short_general	0.90	50	4232	4230	4213	17	0.4019	0	0	2	4226	5	6	4	500	11	0	0	13	7	4	3	0	0	3	2	12	0	3	0	/scratch/sk4386/sq2_sinederella_2consensus_20260514/run/Aspidoscelis_tigris/run_20260514_111202	/scratch/sk4386/sq2_sinederella_2consensus_20260514/run/Aspidoscelis_tigris/run_20260514_111202/step2/step2_output/subfamilies/sq2_short_general_50pct_from_nonsnakes_consensi.fasta
Aspidoscelis_tigris	sq2_unassigned	0.90	50	3868	3867	3856	11	0.2845	0	1	0	3865	5	6	4	500	30	0	0	7	5	4	1	0	0	3	4	7	0	0	0	/scratch/sk4386/sq2_sinederella_2consensus_20260514/run/Aspidoscelis_tigris/run_20260514_111202	/scratch/sk4386/sq2_sinederella_2consensus_20260514/run/Aspidoscelis_tigris/run_20260514_111202/step2/step2_output/unassigned.fasta
Azemiops_feae	sq2_long_gecko_dibamus	0.90	50	1229	1229	1199	30	2.441	0	0	0	1215	5	6	4	500	1	0	0	15	15	15	0	0	0	2	0	4	0	26	0	/scratch/sk4386/sq2_sinederella_2consensus_20260514/run/Azemiops_feae/run_20260514_111624	/scratch/sk4386/sq2_sinederella_2consensus_20260514/run/Azemiops_feae/run_20260514_111624/step2/step2_output/subfamilies/sq2_long_gecko_dibamus_50pct_from_nonsnakes_consensi.fasta
Azemiops_feae	sq2_short_general	0.90	50	1945	1945	1911	34	1.7481	0	0	0	1931	5	6	4	500	8	0	0	20	16	14	2	0	0	3	0	4	0	30	0	/scratch/sk4386/sq2_sinederella_2consensus_20260514/run/Azemiops_feae/run_20260514_111624	/scratch/sk4386/sq2_sinederella_2consensus_20260514/run/Azemiops_feae/run_20260514_111624/step2/step2_output/subfamilies/sq2_short_general_50pct_from_nonsnakes_consensi.fasta
Azemiops_feae	sq2_unassigned	0.90	50	649	649	630	19	2.9276	0	0	0	641	5	6	4	500	3	0	0	11	9	8	1	0	0	3	0	4	0	15	0	/scratch/sk4386/sq2_sinederella_2consensus_20260514/run/Azemiops_feae/run_20260514_111624	/scratch/sk4386/sq2_sinederella_2consensus_20260514/run/Azemiops_feae/run_20260514_111624/step2/step2_output/unassigned.fasta
Bachia_flavescens_AMNHR151921	sq2_long_gecko_dibamus	0.90	50	818	818	773	45	5.5012	0	0	0	799	5	6	4	500	5	0	0	24	22	21	1	0	0	3	0	0	0	43	2	/scratch/sk4386/sq2_sinederella_2consensus_20260514/run/Bachia_flavescens_AMNHR151921/run_20260514_173102	/scratch/sk4386/sq2_sinederella_2consensus_20260514/run/Bachia_flavescens_AMNHR151921/run_20260514_173102/step2/step2_output/subfamilies/sq2_long_gecko_dibamus_50pct_from_nonsnakes_consensi.fasta
Bachia_flavescens_AMNHR151921	sq2_short_general	0.90	50	1905	1903	1825	78	4.0988	1	0	1	1876	5	6	4	500	17	0	0	42	38	36	2	0	0	3	2	2	0	74	0	/scratch/sk4386/sq2_sinederella_2consensus_20260514/run/Bachia_flavescens_AMNHR151921/run_20260514_173102	/scratch/sk4386/sq2_sinederella_2consensus_20260514/run/Bachia_flavescens_AMNHR151921/run_20260514_173102/step2/step2_output/subfamilies/sq2_short_general_50pct_from_nonsnakes_consensi.fasta
Bachia_flavescens_AMNHR151921	sq2_unassigned	0.90	50	987	987	950	37	3.7487	0	0	0	970	5	6	4	500	5	0	0	20	18	17	1	0	0	3	0	0	0	37	0	/scratch/sk4386/sq2_sinederella_2consensus_20260514/run/Bachia_flavescens_AMNHR151921/run_20260514_173102	/scratch/sk4386/sq2_sinederella_2consensus_20260514/run/Bachia_flavescens_AMNHR151921/run_20260514_173102/step2/step2_output/unassigned.fasta
Basiliscus_vittatus	sq2_long_gecko_dibamus	0.90	50	7812	7469	7459	10	0.1339	325	15	3	7468	5	6	4	500	5	0	0	5	5	5	0	0	0	2	0	0	0	10	0	/scratch/sk4386/sq2_sinederella_2consensus_20260514/run/Basiliscus_vittatus/run_20260514_112038	/scratch/sk4386/sq2_sinederella_2consensus_20260514/run/Basiliscus_vittatus/run_20260514_112038/step2/step2_output/subfamilies/sq2_long_gecko_dibamus_50pct_from_nonsnakes_consensi.fasta
Basiliscus_vittatus	sq2_short_general	0.90	50	11166	10837	10827	10	0.0923	292	31	6	10837	5	6	4	500	6	0	0	5	5	5	0	0	0	2	0	0	0	10	0	/scratch/sk4386/sq2_sinederella_2consensus_20260514/run/Basiliscus_vittatus/run_20260514_112038	/scratch/sk4386/sq2_sinederella_2consensus_20260514/run/Basiliscus_vittatus/run_20260514_112038/step2/step2_output/subfamilies/sq2_short_general_50pct_from_nonsnakes_consensi.fasta
Basiliscus_vittatus	sq2_unassigned	0.90	50	6394	6257	6255	2	0.032	120	15	2	6256	5	6	4	500	0	0	0	1	1	1	0	0	0	2	0	0	0	2	0	/scratch/sk4386/sq2_sinederella_2consensus_20260514/run/Basiliscus_vittatus/run_20260514_112038	/scratch/sk4386/sq2_sinederella_2consensus_20260514/run/Basiliscus_vittatus/run_20260514_112038/step2/step2_output/unassigned.fasta
Bavayia_robusta	sq2_long_gecko_dibamus	0.90	50	33063	32897	31932	965	2.9334	101	7	58	32668	5	6	4	500	1125	0	0	623	462	443	11	3	5	14	2	88	0	778	97	/scratch/sk4386/sq2_sinederella_2consensus_20260514/run/Bavayia_robusta/run_20260514_105001	/scratch/sk4386/sq2_sinederella_2consensus_20260514/run/Bavayia_robusta/run_20260514_105001/step2/step2_output/subfamilies/sq2_long_gecko_dibamus_50pct_from_nonsnakes_consensi.fasta
Bavayia_robusta	sq2_short_general	0.90	50	4749	4733	4607	126	2.6622	13	0	3	4699	5	6	4	500	528	0	0	84	59	56	1	0	2	6	0	21	0	85	20	/scratch/sk4386/sq2_sinederella_2consensus_20260514/run/Bavayia_robusta/run_20260514_105001	/scratch/sk4386/sq2_sinederella_2consensus_20260514/run/Bavayia_robusta/run_20260514_105001/step2/step2_output/subfamilies/sq2_short_general_50pct_from_nonsnakes_consensi.fasta
Bavayia_robusta	sq2_unassigned	0.90	50	13915	13864	13517	347	2.5029	38	3	10	13772	5	6	4	500	3142	0	0	208	165	155	6	2	2	6	2	35	0	275	35	/scratch/sk4386/sq2_sinederella_2consensus_20260514/run/Bavayia_robusta/run_20260514_105001	/scratch/sk4386/sq2_sinederella_2consensus_20260514/run/Bavayia_robusta/run_20260514_105001/step2/step2_output/unassigned.fasta
Boa_constrictor	sq2_long_gecko_dibamus	0.90	50	2756	2747	2745	2	0.0728	0	8	1	2746	5	6	4	500	0	0	0	1	1	1	0	0	0	2	0	0	0	2	0	/scratch/sk4386/sq2_sinederella_2consensus_20260514/run/Boa_constrictor/run_20260514_112320	/scratch/sk4386/sq2_sinederella_2consensus_20260514/run/Boa_constrictor/run_20260514_112320/step2/step2_output/subfamilies/sq2_long_gecko_dibamus_50pct_from_nonsnakes_consensi.fasta
Boa_constrictor	sq2_short_general	0.90	50	4645	4633	4628	5	0.1079	1	10	1	4631	5	6	4	500	1	0	0	4	2	1	1	0	0	3	0	2	0	3	0	/scratch/sk4386/sq2_sinederella_2consensus_20260514/run/Boa_constrictor/run_20260514_112320	/scratch/sk4386/sq2_sinederella_2consensus_20260514/run/Boa_constrictor/run_20260514_112320/step2/step2_output/subfamilies/sq2_short_general_50pct_from_nonsnakes_consensi.fasta
Boa_constrictor	sq2_unassigned	0.90	50	1713	1709	1709	0	0.0	1	3	0	1709	5	6	4	500	0	0	0	0	0	0	0	0	0	0	0	0	0	0	0	/scratch/sk4386/sq2_sinederella_2consensus_20260514/run/Boa_constrictor/run_20260514_112320	/scratch/sk4386/sq2_sinederella_2consensus_20260514/run/Boa_constrictor/run_20260514_112320/step2/step2_output/unassigned.fasta
Brachylophus_fasciatus	sq2_long_gecko_dibamus	0.90	50	8325	8215	8215	0	0.0	74	30	6	8215	5	6	4	500	0	0	0	0	0	0	0	0	0	0	0	0	0	0	0	/scratch/sk4386/sq2_sinederella_2consensus_20260514/run/Brachylophus_fasciatus/run_20260514_112454	/scratch/sk4386/sq2_sinederella_2consensus_20260514/run/Brachylophus_fasciatus/run_20260514_112454/step2/step2_output/subfamilies/sq2_long_gecko_dibamus_50pct_from_nonsnakes_consensi.fasta
Brachylophus_fasciatus	sq2_short_general	0.90	50	11290	11119	11119	0	0.0	126	34	11	11119	5	6	4	500	0	0	0	0	0	0	0	0	0	0	0	0	0	0	0	/scratch/sk4386/sq2_sinederella_2consensus_20260514/run/Brachylophus_fasciatus/run_20260514_112454	/scratch/sk4386/sq2_sinederella_2consensus_20260514/run/Brachylophus_fasciatus/run_20260514_112454/step2/step2_output/subfamilies/sq2_short_general_50pct_from_nonsnakes_consensi.fasta
Brachylophus_fasciatus	sq2_unassigned	0.90	50	5868	5763	5763	0	0.0	83	20	2	5763	5	6	4	500	0	0	0	0	0	0	0	0	0	0	0	0	0	0	0	/scratch/sk4386/sq2_sinederella_2consensus_20260514/run/Brachylophus_fasciatus/run_20260514_112454	/scratch/sk4386/sq2_sinederella_2consensus_20260514/run/Brachylophus_fasciatus/run_20260514_112454/step2/step2_output/unassigned.fasta
Calamaria_pavimentata_AMNHR147132	sq2_long_gecko_dibamus	0.90	50	478	478	442	36	7.5314	0	0	0	467	5	6	4	500	10	0	0	18	18	18	0	0	0	2	0	0	0	36	0	/scratch/sk4386/sq2_sinederella_2consensus_20260514/run/Calamaria_pavimentata_AMNHR147132/run_20260514_173237	/scratch/sk4386/sq2_sinederella_2consensus_20260514/run/Calamaria_pavimentata_AMNHR147132/run_20260514_173237/step2/step2_output/subfamilies/sq2_long_gecko_dibamus_50pct_from_nonsnakes_consensi.fasta
Calamaria_pavimentata_AMNHR147132	sq2_short_general	0.90	50	807	804	715	89	11.0697	2	1	0	770	5	6	4	500	13	0	0	46	44	43	1	0	0	3	0	0	0	89	0	/scratch/sk4386/sq2_sinederella_2consensus_20260514/run/Calamaria_pavimentata_AMNHR147132/run_20260514_173237	/scratch/sk4386/sq2_sinederella_2consensus_20260514/run/Calamaria_pavimentata_AMNHR147132/run_20260514_173237/step2/step2_output/subfamilies/sq2_short_general_50pct_from_nonsnakes_consensi.fasta
Calamaria_pavimentata_AMNHR147132	sq2_unassigned	0.90	50	254	252	227	25	9.9206	1	1	0	241	5	6	4	500	4	0	0	14	12	11	1	0	0	3	0	0	0	23	2	/scratch/sk4386/sq2_sinederella_2consensus_20260514/run/Calamaria_pavimentata_AMNHR147132/run_20260514_173237	/scratch/sk4386/sq2_sinederella_2consensus_20260514/run/Calamaria_pavimentata_AMNHR147132/run_20260514_173237/step2/step2_output/unassigned.fasta
Calotes_versicolor	sq2_long_gecko_dibamus	0.90	50	6205	6191	5752	439	7.0909	2	10	2	6067	5	6	4	500	51363	0	0	378	195	181	4	4	6	12	0	14	0	413	12	/scratch/sk4386/sq2_sinederella_2consensus_20260514/run/Calotes_versicolor/run_20260514_173311	/scratch/sk4386/sq2_sinederella_2consensus_20260514/run/Calotes_versicolor/run_20260514_173311/step2/step2_output/subfamilies/sq2_long_gecko_dibamus_50pct_from_nonsnakes_consensi.fasta
Calotes_versicolor	sq2_short_general	0.90	50	10676	10659	9000	1659	15.5643	1	9	7	10061	5	6	4	500	25256	0	0	52181	391	358	10	7	16	182	2	12	0	834	811	/scratch/sk4386/sq2_sinederella_2consensus_20260514/run/Calotes_versicolor/run_20260514_173311	/scratch/sk4386/sq2_sinederella_2consensus_20260514/run/Calotes_versicolor/run_20260514_173311/step2/step2_output/subfamilies/sq2_short_general_50pct_from_nonsnakes_consensi.fasta
Calotes_versicolor	sq2_unassigned	0.90	50	10922	10908	9694	1214	11.1294	3	11	0	10547	5	6	4	500	54085	0	0	13069	363	325	11	8	19	80	2	24	0	769	419	/scratch/sk4386/sq2_sinederella_2consensus_20260514/run/Calotes_versicolor/run_20260514_173311	/scratch/sk4386/sq2_sinederella_2consensus_20260514/run/Calotes_versicolor/run_20260514_173311/step2/step2_output/unassigned.fasta
Candoia_aspera	sq2_long_gecko_dibamus	0.90	50	3434	3434	3425	9	0.2621	0	0	0	3432	5	6	4	500	3	0	0	6	4	3	1	0	0	3	0	9	0	0	0	/scratch/sk4386/sq2_sinederella_2consensus_20260514/run/Candoia_aspera/run_20260514_112725	/scratch/sk4386/sq2_sinederella_2consensus_20260514/run/Candoia_aspera/run_20260514_112725/step2/step2_output/subfamilies/sq2_long_gecko_dibamus_50pct_from_nonsnakes_consensi.fasta
Candoia_aspera	sq2_short_general	0.90	50	5217	5214	5183	31	0.5946	0	1	2	5207	5	6	4	500	15	0	0	21	14	12	1	1	0	4	0	25	4	2	0	/scratch/sk4386/sq2_sinederella_2consensus_20260514/run/Candoia_aspera/run_20260514_112725	/scratch/sk4386/sq2_sinederella_2consensus_20260514/run/Candoia_aspera/run_20260514_112725/step2/step2_output/subfamilies/sq2_short_general_50pct_from_nonsnakes_consensi.fasta
Candoia_aspera	sq2_unassigned	0.90	50	2595	2594	2578	16	0.6168	0	0	1	2590	5	6	4	500	9	0	0	11	7	5	2	0	0	3	0	14	0	2	0	/scratch/sk4386/sq2_sinederella_2consensus_20260514/run/Candoia_aspera/run_20260514_112725	/scratch/sk4386/sq2_sinederella_2consensus_20260514/run/Candoia_aspera/run_20260514_112725/step2/step2_output/unassigned.fasta
Chamaeleo_calyptratus	sq2_long_gecko_dibamus	0.90	50	2094	2094	2090	4	0.191	0	0	0	2093	5	6	4	500	1	0	0	2	2	2	0	0	0	2	2	2	0	0	0	/scratch/sk4386/sq2_sinederella_2consensus_20260514/run/Chamaeleo_calyptratus/run_20260514_112945	/scratch/sk4386/sq2_sinederella_2consensus_20260514/run/Chamaeleo_calyptratus/run_20260514_112945/step2/step2_output/subfamilies/sq2_long_gecko_dibamus_50pct_from_nonsnakes_consensi.fasta
Chamaeleo_calyptratus	sq2_short_general	0.90	50	4720	4714	4710	4	0.0849	1	4	1	4713	5	6	4	500	482	0	0	2	2	2	0	0	0	2	0	2	0	2	0	/scratch/sk4386/sq2_sinederella_2consensus_20260514/run/Chamaeleo_calyptratus/run_20260514_112945	/scratch/sk4386/sq2_sinederella_2consensus_20260514/run/Chamaeleo_calyptratus/run_20260514_112945/step2/step2_output/subfamilies/sq2_short_general_50pct_from_nonsnakes_consensi.fasta
Chamaeleo_calyptratus	sq2_unassigned	0.90	50	2265	2262	2260	2	0.0884	1	2	0	2261	5	6	4	500	480	0	0	1	1	1	0	0	0	2	0	2	0	0	0	/scratch/sk4386/sq2_sinederella_2consensus_20260514/run/Chamaeleo_calyptratus/run_20260514_112945	/scratch/sk4386/sq2_sinederella_2consensus_20260514/run/Chamaeleo_calyptratus/run_20260514_112945/step2/step2_output/unassigned.fasta
Charina_bottae	sq2_long_gecko_dibamus	0.90	50	3349	3345	3328	17	0.5082	0	3	1	3339	5	6	4	500	7	0	0	14	7	5	1	1	0	4	0	11	2	4	0	/scratch/sk4386/sq2_sinederella_2consensus_20260514/run/Charina_bottae/run_20260514_113031	/scratch/sk4386/sq2_sinederella_2consensus_20260514/run/Charina_bottae/run_20260514_113031/step2/step2_output/subfamilies/sq2_long_gecko_dibamus_50pct_from_nonsnakes_consensi.fasta
Charina_bottae	sq2_short_general	0.90	50	5155	5152	5099	53	1.0287	0	2	1	5141	5	6	4	500	27	0	0	35	24	20	3	1	0	4	0	34	6	13	0	/scratch/sk4386/sq2_sinederella_2consensus_20260514/run/Charina_bottae/run_20260514_113031	/scratch/sk4386/sq2_sinederella_2consensus_20260514/run/Charina_bottae/run_20260514_113031/step2/step2_output/subfamilies/sq2_short_general_50pct_from_nonsnakes_consensi.fasta
Charina_bottae	sq2_unassigned	0.90	50	2623	2623	2596	27	1.0294	0	0	0	2616	5	6	4	500	11	0	0	18	12	9	3	0	0	3	0	20	2	5	0	/scratch/sk4386/sq2_sinederella_2consensus_20260514/run/Charina_bottae/run_20260514_113031	/scratch/sk4386/sq2_sinederella_2consensus_20260514/run/Charina_bottae/run_20260514_113031/step2/step2_output/unassigned.fasta
Christinus_marmoratus	sq2_long_gecko_dibamus	0.90	50	96065	95683	92423	3260	3.4071	9	38	335	95193	5	6	4	500	14909	0	0	8809	1080	857	95	41	87	78	169	942	194	1036	919	/scratch/sk4386/sq2_sinederella_2consensus_20260514/run/Christinus_marmoratus/run_20260514_113257	/scratch/sk4386/sq2_sinederella_2consensus_20260514/run/Christinus_marmoratus/run_20260514_113257/step2/step2_output/subfamilies/sq2_long_gecko_dibamus_50pct_from_nonsnakes_consensi.fasta
Christinus_marmoratus	sq2_short_general	0.90	50	8908	8899	8440	459	5.1579	1	2	6	8862	5	6	4	500	3442	0	0	1222	91	63	6	2	20	38	7	61	6	71	314	/scratch/sk4386/sq2_sinederella_2consensus_20260514/run/Christinus_marmoratus/run_20260514_113257	/scratch/sk4386/sq2_sinederella_2consensus_20260514/run/Christinus_marmoratus/run_20260514_113257/step2/step2_output/subfamilies/sq2_short_general_50pct_from_nonsnakes_consensi.fasta
Christinus_marmoratus	sq2_unassigned	0.90	50	27454	27418	25970	1448	5.2812	4	11	21	27287	5	6	4	500	13366	0	0	5502	322	229	28	15	50	79	39	229	83	298	799	/scratch/sk4386/sq2_sinederella_2consensus_20260514/run/Christinus_marmoratus/run_20260514_113257	/scratch/sk4386/sq2_sinederella_2consensus_20260514/run/Christinus_marmoratus/run_20260514_113257/step2/step2_output/unassigned.fasta
Coleonyx_brevis	sq2_long_gecko_dibamus	0.90	50	45300	45201	44486	715	1.5818	1	8	90	44972	5	6	4	500	234	0	0	424	338	310	20	6	2	6	4	402	46	259	4	/scratch/sk4386/sq2_sinederella_2consensus_20260514/run/Coleonyx_brevis/run_20260514_113301	/scratch/sk4386/sq2_sinederella_2consensus_20260514/run/Coleonyx_brevis/run_20260514_113301/step2/step2_output/subfamilies/sq2_long_gecko_dibamus_50pct_from_nonsnakes_consensi.fasta
Coleonyx_brevis	sq2_short_general	0.90	50	5274	5267	5203	64	1.2151	0	1	6	5247	5	6	4	500	17	0	0	35	31	29	2	0	0	3	0	32	0	32	0	/scratch/sk4386/sq2_sinederella_2consensus_20260514/run/Coleonyx_brevis/run_20260514_113301	/scratch/sk4386/sq2_sinederella_2consensus_20260514/run/Coleonyx_brevis/run_20260514_113301/step2/step2_output/subfamilies/sq2_short_general_50pct_from_nonsnakes_consensi.fasta
Coleonyx_brevis	sq2_unassigned	0.90	50	17585	17570	17312	258	1.4684	2	2	11	17484	5	6	4	500	74	0	0	150	124	118	4	1	1	6	4	150	8	94	2	/scratch/sk4386/sq2_sinederella_2consensus_20260514/run/Coleonyx_brevis/run_20260514_113301	/scratch/sk4386/sq2_sinederella_2consensus_20260514/run/Coleonyx_brevis/run_20260514_113301/step2/step2_output/unassigned.fasta
Coleonyx_elegans	sq2_long_gecko_dibamus	0.90	50	37924	37622	37598	24	0.0638	210	42	50	37621	5	6	4	500	21	0	0	14	11	10	0	1	0	4	0	4	0	20	0	/scratch/sk4386/sq2_sinederella_2consensus_20260514/run/Coleonyx_elegans/run_20260514_113406	/scratch/sk4386/sq2_sinederella_2consensus_20260514/run/Coleonyx_elegans/run_20260514_113406/step2/step2_output/subfamilies/sq2_long_gecko_dibamus_50pct_from_nonsnakes_consensi.fasta
Coleonyx_elegans	sq2_short_general	0.90	50	4322	4278	4276	2	0.0468	37	6	1	4278	5	6	4	500	1	0	0	1	1	1	0	0	0	2	0	0	0	2	0	/scratch/sk4386/sq2_sinederella_2consensus_20260514/run/Coleonyx_elegans/run_20260514_113406	/scratch/sk4386/sq2_sinederella_2consensus_20260514/run/Coleonyx_elegans/run_20260514_113406/step2/step2_output/subfamilies/sq2_short_general_50pct_from_nonsnakes_consensi.fasta
Coleonyx_elegans	sq2_unassigned	0.90	50	13086	12968	12966	2	0.0154	89	22	7	12968	5	6	4	500	4	0	0	1	1	1	0	0	0	2	0	0	0	2	0	/scratch/sk4386/sq2_sinederella_2consensus_20260514/run/Coleonyx_elegans/run_20260514_113406	/scratch/sk4386/sq2_sinederella_2consensus_20260514/run/Coleonyx_elegans/run_20260514_113406/step2/step2_output/unassigned.fasta
Corallus_caninus	sq2_long_gecko_dibamus	0.90	50	3238	3200	3200	0	0.0	28	9	1	3200	5	6	4	500	0	0	0	0	0	0	0	0	0	0	0	0	0	0	0	/scratch/sk4386/sq2_sinederella_2consensus_20260514/run/Corallus_caninus/run_20260514_113505	/scratch/sk4386/sq2_sinederella_2consensus_20260514/run/Corallus_caninus/run_20260514_113505/step2/step2_output/subfamilies/sq2_long_gecko_dibamus_50pct_from_nonsnakes_consensi.fasta
Corallus_caninus	sq2_short_general	0.90	50	5007	4958	4956	2	0.0403	33	14	2	4958	5	6	4	500	1	0	0	1	1	1	0	0	0	2	2	0	0	0	0	/scratch/sk4386/sq2_sinederella_2consensus_20260514/run/Corallus_caninus/run_20260514_113505	/scratch/sk4386/sq2_sinederella_2consensus_20260514/run/Corallus_caninus/run_20260514_113505/step2/step2_output/subfamilies/sq2_short_general_50pct_from_nonsnakes_consensi.fasta
Corallus_caninus	sq2_unassigned	0.90	50	2138	2112	2112	0	0.0	17	9	0	2112	5	6	4	500	0	0	0	0	0	0	0	0	0	0	0	0	0	0	0	/scratch/sk4386/sq2_sinederella_2consensus_20260514/run/Corallus_caninus/run_20260514_113505	/scratch/sk4386/sq2_sinederella_2consensus_20260514/run/Corallus_caninus/run_20260514_113505/step2/step2_output/unassigned.fasta
Correlophus_ciliatus	sq2_long_gecko_dibamus	0.90	50	47291	47203	46586	617	1.3071	0	6	82	47025	5	6	4	500	2039	0	0	1164	235	180	32	9	14	27	8	421	52	136	0	/scratch/sk4386/sq2_sinederella_2consensus_20260514/run/Correlophus_ciliatus/run_20260514_114038	/scratch/sk4386/sq2_sinederella_2consensus_20260514/run/Correlophus_ciliatus/run_20260514_114038/step2/step2_output/subfamilies/sq2_long_gecko_dibamus_50pct_from_nonsnakes_consensi.fasta
Correlophus_ciliatus	sq2_short_general	0.90	50	6679	6670	6558	112	1.6792	0	0	9	6623	5	6	4	500	899	0	0	504	30	21	3	2	4	24	3	46	0	63	0	/scratch/sk4386/sq2_sinederella_2consensus_20260514/run/Correlophus_ciliatus/run_20260514_114038	/scratch/sk4386/sq2_sinederella_2consensus_20260514/run/Correlophus_ciliatus/run_20260514_114038/step2/step2_output/subfamilies/sq2_short_general_50pct_from_nonsnakes_consensi.fasta
Correlophus_ciliatus	sq2_unassigned	0.90	50	20070	20046	19706	340	1.6961	0	3	21	19929	5	6	4	500	5957	0	0	1169	105	74	15	4	12	28	8	167	28	137	0	/scratch/sk4386/sq2_sinederella_2consensus_20260514/run/Correlophus_ciliatus/run_20260514_114038	/scratch/sk4386/sq2_sinederella_2consensus_20260514/run/Correlophus_ciliatus/run_20260514_114038/step2/step2_output/unassigned.fasta
Correlophus_ciliatus_local	sq2_long_gecko_dibamus	0.90	50	49926	49830	48035	1795	3.6022	10	5	81	49234	5	6	4	500	2102	0	0	1557	827	774	30	9	14	24	8	839	61	873	14	/scratch/sk4386/sq2_sinederella_2consensus_20260514/run/Correlophus_ciliatus_local/run_20260514_115047	/scratch/sk4386/sq2_sinederella_2consensus_20260514/run/Correlophus_ciliatus_local/run_20260514_115047/step2/step2_output/subfamilies/sq2_long_gecko_dibamus_50pct_from_nonsnakes_consensi.fasta
Correlophus_ciliatus_local	sq2_short_general	0.90	50	7129	7121	6884	237	3.3282	0	0	8	7025	5	6	4	500	1145	0	0	533	98	91	5	0	2	27	2	102	31	102	0	/scratch/sk4386/sq2_sinederella_2consensus_20260514/run/Correlophus_ciliatus_local/run_20260514_115047	/scratch/sk4386/sq2_sinederella_2consensus_20260514/run/Correlophus_ciliatus_local/run_20260514_115047/step2/step2_output/subfamilies/sq2_short_general_50pct_from_nonsnakes_consensi.fasta
Correlophus_ciliatus_local	sq2_unassigned	0.90	50	20790	20765	19946	819	3.9441	3	2	20	20467	5	6	4	500	6561	0	0	1184	356	330	14	3	9	24	4	376	58	365	16	/scratch/sk4386/sq2_sinederella_2consensus_20260514/run/Correlophus_ciliatus_local/run_20260514_115047	/scratch/sk4386/sq2_sinederella_2consensus_20260514/run/Correlophus_ciliatus_local/run_20260514_115047/step2/step2_output/unassigned.fasta
Correlophus_sarasinorum	sq2_long_gecko_dibamus	0.90	50	48649	48562	46976	1586	3.2659	0	6	81	48315	5	6	4	500	1917	0	0	974	749	694	37	10	8	8	12	402	24	1143	5	/scratch/sk4386/sq2_sinederella_2consensus_20260514/run/Correlophus_sarasinorum/run_20260514_115252	/scratch/sk4386/sq2_sinederella_2consensus_20260514/run/Correlophus_sarasinorum/run_20260514_115252/step2/step2_output/subfamilies/sq2_long_gecko_dibamus_50pct_from_nonsnakes_consensi.fasta
Correlophus_sarasinorum	sq2_short_general	0.90	50	6865	6857	6708	149	2.173	0	0	8	6824	5	6	4	500	961	0	0	131	66	59	5	0	2	9	2	51	16	80	0	/scratch/sk4386/sq2_sinederella_2consensus_20260514/run/Correlophus_sarasinorum/run_20260514_115252	/scratch/sk4386/sq2_sinederella_2consensus_20260514/run/Correlophus_sarasinorum/run_20260514_115252/step2/step2_output/subfamilies/sq2_short_general_50pct_from_nonsnakes_consensi.fasta
Correlophus_sarasinorum	sq2_unassigned	0.90	50	20132	20106	19544	562	2.7952	0	3	23	20001	5	6	4	500	5465	0	0	407	256	230	16	5	5	8	4	155	33	370	0	/scratch/sk4386/sq2_sinederella_2consensus_20260514/run/Correlophus_sarasinorum/run_20260514_115252	/scratch/sk4386/sq2_sinederella_2consensus_20260514/run/Correlophus_sarasinorum/run_20260514_115252/step2/step2_output/unassigned.fasta
Crotalus_horridus	sq2_long_gecko_dibamus	0.90	50	1001	1001	989	12	1.1988	0	0	0	997	5	6	4	500	2	0	0	6	6	6	0	0	0	2	0	6	2	4	0	/scratch/sk4386/sq2_sinederella_2consensus_20260514/run/Crotalus_horridus/run_20260514_115921	/scratch/sk4386/sq2_sinederella_2consensus_20260514/run/Crotalus_horridus/run_20260514_115921/step2/step2_output/subfamilies/sq2_long_gecko_dibamus_50pct_from_nonsnakes_consensi.fasta
Crotalus_horridus	sq2_short_general	0.90	50	1662	1662	1637	25	1.5042	0	0	0	1659	5	6	4	500	21	0	0	18	11	9	1	1	0	4	0	12	0	13	0	/scratch/sk4386/sq2_sinederella_2consensus_20260514/run/Crotalus_horridus/run_20260514_115921	/scratch/sk4386/sq2_sinederella_2consensus_20260514/run/Crotalus_horridus/run_20260514_115921/step2/step2_output/subfamilies/sq2_short_general_50pct_from_nonsnakes_consensi.fasta
Crotalus_horridus	sq2_unassigned	0.90	50	475	475	460	15	3.1579	0	0	0	473	5	6	4	500	9	0	0	9	7	6	1	0	0	3	0	6	2	7	0	/scratch/sk4386/sq2_sinederella_2consensus_20260514/run/Crotalus_horridus/run_20260514_115921	/scratch/sk4386/sq2_sinederella_2consensus_20260514/run/Crotalus_horridus/run_20260514_115921/step2/step2_output/unassigned.fasta
Cryptoblepharus_egeriae	sq2_long_gecko_dibamus	0.90	50	3434	3432	3269	163	4.7494	0	0	2	3390	5	6	4	500	49	0	0	83	81	80	1	0	0	3	0	7	0	156	0	/scratch/sk4386/sq2_sinederella_2consensus_20260514/run/Cryptoblepharus_egeriae/run_20260514_120040	/scratch/sk4386/sq2_sinederella_2consensus_20260514/run/Cryptoblepharus_egeriae/run_20260514_120040/step2/step2_output/subfamilies/sq2_long_gecko_dibamus_50pct_from_nonsnakes_consensi.fasta
Cryptoblepharus_egeriae	sq2_short_general	0.90	50	10690	10683	10129	554	5.1858	0	0	7	10531	5	6	4	500	193	0	0	331	267	257	7	0	3	8	0	28	17	509	0	/scratch/sk4386/sq2_sinederella_2consensus_20260514/run/Cryptoblepharus_egeriae/run_20260514_120040	/scratch/sk4386/sq2_sinederella_2consensus_20260514/run/Cryptoblepharus_egeriae/run_20260514_120040/step2/step2_output/subfamilies/sq2_short_general_50pct_from_nonsnakes_consensi.fasta
Cryptoblepharus_egeriae	sq2_unassigned	0.90	50	4920	4920	4703	217	4.4106	0	0	0	4859	5	6	4	500	109	0	0	141	103	98	3	1	1	8	0	14	6	197	0	/scratch/sk4386/sq2_sinederella_2consensus_20260514/run/Cryptoblepharus_egeriae/run_20260514_120040	/scratch/sk4386/sq2_sinederella_2consensus_20260514/run/Cryptoblepharus_egeriae/run_20260514_120040/step2/step2_output/unassigned.fasta
Cyclura_pinguis	sq2_long_gecko_dibamus	0.90	50	8560	8556	8552	4	0.0468	0	2	2	8555	5	6	4	500	1	0	0	2	2	2	0	0	0	2	0	4	0	0	0	/scratch/sk4386/sq2_sinederella_2consensus_20260514/run/Cyclura_pinguis/run_20260514_120223	/scratch/sk4386/sq2_sinederella_2consensus_20260514/run/Cyclura_pinguis/run_20260514_120223/step2/step2_output/subfamilies/sq2_long_gecko_dibamus_50pct_from_nonsnakes_consensi.fasta
Cyclura_pinguis	sq2_short_general	0.90	50	11538	11528	11498	30	0.2602	0	1	9	11519	5	6	4	500	14	0	0	18	14	12	2	0	0	3	5	5	4	16	0	/scratch/sk4386/sq2_sinederella_2consensus_20260514/run/Cyclura_pinguis/run_20260514_120223	/scratch/sk4386/sq2_sinederella_2consensus_20260514/run/Cyclura_pinguis/run_20260514_120223/step2/step2_output/subfamilies/sq2_short_general_50pct_from_nonsnakes_consensi.fasta
Cyclura_pinguis	sq2_unassigned	0.90	50	6051	6048	6031	17	0.2811	0	1	2	6043	5	6	4	500	8	0	0	10	8	7	1	0	0	3	3	6	0	8	0	/scratch/sk4386/sq2_sinederella_2consensus_20260514/run/Cyclura_pinguis/run_20260514_120223	/scratch/sk4386/sq2_sinederella_2consensus_20260514/run/Cyclura_pinguis/run_20260514_120223/step2/step2_output/unassigned.fasta
Cylindrophis_ruffus	sq2_long_gecko_dibamus	0.90	50	3062	3061	3041	20	0.6534	0	1	0	3054	5	6	4	500	10	0	0	10	10	10	0	0	0	2	10	8	0	2	0	/scratch/sk4386/sq2_sinederella_2consensus_20260514/run/Cylindrophis_ruffus/run_20260514_120816	/scratch/sk4386/sq2_sinederella_2consensus_20260514/run/Cylindrophis_ruffus/run_20260514_120816/step2/step2_output/subfamilies/sq2_long_gecko_dibamus_50pct_from_nonsnakes_consensi.fasta
Cylindrophis_ruffus	sq2_short_general	0.90	50	4804	4804	4744	60	1.249	0	0	0	4784	5	6	4	500	38	0	0	42	27	24	1	1	1	5	10	40	2	6	2	/scratch/sk4386/sq2_sinederella_2consensus_20260514/run/Cylindrophis_ruffus/run_20260514_120816	/scratch/sk4386/sq2_sinederella_2consensus_20260514/run/Cylindrophis_ruffus/run_20260514_120816/step2/step2_output/subfamilies/sq2_short_general_50pct_from_nonsnakes_consensi.fasta
Cylindrophis_ruffus	sq2_unassigned	0.90	50	2372	2371	2350	21	0.8857	0	1	0	2364	5	6	4	500	17	0	0	17	9	8	0	0	1	5	6	15	0	0	0	/scratch/sk4386/sq2_sinederella_2consensus_20260514/run/Cylindrophis_ruffus/run_20260514_120816	/scratch/sk4386/sq2_sinederella_2consensus_20260514/run/Cylindrophis_ruffus/run_20260514_120816/step2/step2_output/unassigned.fasta
Dibamus_smithi	sq2_long_gecko_dibamus	0.90	50	44967	44873	41238	3635	8.1006	0	7	87	43333	5	6	4	500	1706	0	0	10132	1617	1571	16	7	23	92	11	304	43	3277	0	/scratch/sk4386/sq2_sinederella_2consensus_20260514/run/Dibamus_smithi/run_20260514_120820	/scratch/sk4386/sq2_sinederella_2consensus_20260514/run/Dibamus_smithi/run_20260514_120820/step2/step2_output/subfamilies/sq2_long_gecko_dibamus_50pct_from_nonsnakes_consensi.fasta
Dibamus_smithi	sq2_short_general	0.90	50	8207	8191	7495	696	8.4971	0	0	16	7926	5	6	4	500	139	0	0	417	334	326	2	2	4	9	7	15	6	668	0	/scratch/sk4386/sq2_sinederella_2consensus_20260514/run/Dibamus_smithi/run_20260514_120820	/scratch/sk4386/sq2_sinederella_2consensus_20260514/run/Dibamus_smithi/run_20260514_120820/step2/step2_output/subfamilies/sq2_short_general_50pct_from_nonsnakes_consensi.fasta
Dibamus_smithi	sq2_unassigned	0.90	50	14917	14899	13804	1095	7.3495	0	3	15	14464	5	6	4	500	255	0	0	943	512	498	6	2	6	22	0	34	33	1028	0	/scratch/sk4386/sq2_sinederella_2consensus_20260514/run/Dibamus_smithi/run_20260514_120820	/scratch/sk4386/sq2_sinederella_2consensus_20260514/run/Dibamus_smithi/run_20260514_120820/step2/step2_output/unassigned.fasta
Diploglossus_plei_MVZ_Herp_230146	sq2_long_gecko_dibamus	0.90	50	7621	7612	7575	37	0.4861	1	3	5	7597	5	6	4	500	5	0	0	20	18	17	1	0	0	3	0	17	0	18	2	/scratch/sk4386/sq2_sinederella_2consensus_20260514/run/Diploglossus_plei_MVZ_Herp_230146/run_20260514_173520	/scratch/sk4386/sq2_sinederella_2consensus_20260514/run/Diploglossus_plei_MVZ_Herp_230146/run_20260514_173520/step2/step2_output/subfamilies/sq2_long_gecko_dibamus_50pct_from_nonsnakes_consensi.fasta
Diploglossus_plei_MVZ_Herp_230146	sq2_short_general	0.90	50	19178	19147	18847	300	1.5668	0	2	29	19065	5	6	4	500	291	0	0	398	103	70	10	7	16	10	0	136	4	120	40	/scratch/sk4386/sq2_sinederella_2consensus_20260514/run/Diploglossus_plei_MVZ_Herp_230146/run_20260514_173520	/scratch/sk4386/sq2_sinederella_2consensus_20260514/run/Diploglossus_plei_MVZ_Herp_230146/run_20260514_173520/step2/step2_output/subfamilies/sq2_short_general_50pct_from_nonsnakes_consensi.fasta
Diploglossus_plei_MVZ_Herp_230146	sq2_unassigned	0.90	50	7980	7973	7800	173	2.1698	1	1	5	7923	5	6	4	500	120	0	0	196	63	42	9	5	7	9	0	59	2	82	30	/scratch/sk4386/sq2_sinederella_2consensus_20260514/run/Diploglossus_plei_MVZ_Herp_230146/run_20260514_173520	/scratch/sk4386/sq2_sinederella_2consensus_20260514/run/Diploglossus_plei_MVZ_Herp_230146/run_20260514_173520/step2/step2_output/unassigned.fasta
Dopasia_gracilis	sq2_long_gecko_dibamus	0.90	50	15471	15456	15427	29	0.1876	0	3	12	15450	5	6	4	500	1488	0	0	16	14	13	1	0	0	3	4	19	0	6	0	/scratch/sk4386/sq2_sinederella_2consensus_20260514/run/Dopasia_gracilis/run_20260514_121113	/scratch/sk4386/sq2_sinederella_2consensus_20260514/run/Dopasia_gracilis/run_20260514_121113/step2/step2_output/subfamilies/sq2_long_gecko_dibamus_50pct_from_nonsnakes_consensi.fasta
Dopasia_gracilis	sq2_short_general	0.90	50	25921	25841	25690	151	0.5843	0	2	78	25823	5	6	4	500	277	0	0	112	66	54	9	1	2	7	4	109	16	22	0	/scratch/sk4386/sq2_sinederella_2consensus_20260514/run/Dopasia_gracilis/run_20260514_121113	/scratch/sk4386/sq2_sinederella_2consensus_20260514/run/Dopasia_gracilis/run_20260514_121113/step2/step2_output/subfamilies/sq2_short_general_50pct_from_nonsnakes_consensi.fasta
Dopasia_gracilis	sq2_unassigned	0.90	50	14495	14480	14431	49	0.3384	0	1	14	14474	5	6	4	500	2969	0	0	32	22	18	3	1	0	4	4	30	8	7	0	/scratch/sk4386/sq2_sinederella_2consensus_20260514/run/Dopasia_gracilis/run_20260514_121113	/scratch/sk4386/sq2_sinederella_2consensus_20260514/run/Dopasia_gracilis/run_20260514_121113/step2/step2_output/unassigned.fasta
Elaphe_schrenckii	sq2_long_gecko_dibamus	0.90	50	979	976	972	4	0.4098	0	3	0	975	5	6	4	500	1	0	0	2	2	2	0	0	0	2	0	2	0	2	0	/scratch/sk4386/sq2_sinederella_2consensus_20260514/run/Elaphe_schrenckii/run_20260514_121202	/scratch/sk4386/sq2_sinederella_2consensus_20260514/run/Elaphe_schrenckii/run_20260514_121202/step2/step2_output/subfamilies/sq2_long_gecko_dibamus_50pct_from_nonsnakes_consensi.fasta
Elaphe_schrenckii	sq2_short_general	0.90	50	1693	1691	1677	14	0.8279	0	2	0	1689	5	6	4	500	12	0	0	7	7	7	0	0	0	2	0	8	0	6	0	/scratch/sk4386/sq2_sinederella_2consensus_20260514/run/Elaphe_schrenckii/run_20260514_121202	/scratch/sk4386/sq2_sinederella_2consensus_20260514/run/Elaphe_schrenckii/run_20260514_121202/step2/step2_output/subfamilies/sq2_short_general_50pct_from_nonsnakes_consensi.fasta
Elaphe_schrenckii	sq2_unassigned	0.90	50	498	497	491	6	1.2072	0	1	0	497	5	6	4	500	7	0	0	3	3	3	0	0	0	2	0	2	0	4	0	/scratch/sk4386/sq2_sinederella_2consensus_20260514/run/Elaphe_schrenckii/run_20260514_121202	/scratch/sk4386/sq2_sinederella_2consensus_20260514/run/Elaphe_schrenckii/run_20260514_121202/step2/step2_output/unassigned.fasta
Elgaria_multicarinata	sq2_long_gecko_dibamus	0.90	50	17766	17742	17594	148	0.8342	0	8	16	17687	5	6	4	500	1099	0	0	318	51	42	2	2	5	16	4	79	34	31	0	/scratch/sk4386/sq2_sinederella_2consensus_20260514/run/Elgaria_multicarinata/run_20260514_121411	/scratch/sk4386/sq2_sinederella_2consensus_20260514/run/Elgaria_multicarinata/run_20260514_121411/step2/step2_output/subfamilies/sq2_long_gecko_dibamus_50pct_from_nonsnakes_consensi.fasta
Elgaria_multicarinata	sq2_short_general	0.90	50	31810	31727	31415	312	0.9834	0	6	77	31626	5	6	4	500	331	0	0	491	110	73	16	10	11	17	19	193	8	92	0	/scratch/sk4386/sq2_sinederella_2consensus_20260514/run/Elgaria_multicarinata/run_20260514_121411	/scratch/sk4386/sq2_sinederella_2consensus_20260514/run/Elgaria_multicarinata/run_20260514_121411/step2/step2_output/subfamilies/sq2_short_general_50pct_from_nonsnakes_consensi.fasta
Elgaria_multicarinata	sq2_unassigned	0.90	50	16571	16559	16399	160	0.9662	0	6	6	16524	5	6	4	500	2352	0	0	135	69	57	8	2	2	7	23	107	4	26	0	/scratch/sk4386/sq2_sinederella_2consensus_20260514/run/Elgaria_multicarinata/run_20260514_121411	/scratch/sk4386/sq2_sinederella_2consensus_20260514/run/Elgaria_multicarinata/run_20260514_121411/step2/step2_output/unassigned.fasta
Emoia_atrocostata	sq2_long_gecko_dibamus	0.90	50	2442	2436	2426	10	0.4105	4	0	2	2431	5	6	4	500	0	0	0	5	5	5	0	0	0	2	0	0	0	10	0	/scratch/sk4386/sq2_sinederella_2consensus_20260514/run/Emoia_atrocostata/run_20260514_173540	/scratch/sk4386/sq2_sinederella_2consensus_20260514/run/Emoia_atrocostata/run_20260514_173540/step2/step2_output/subfamilies/sq2_long_gecko_dibamus_50pct_from_nonsnakes_consensi.fasta
Emoia_atrocostata	sq2_short_general	0.90	50	9381	9373	9303	70	0.7468	4	1	3	9343	5	6	4	500	32900	0	0	35	35	35	0	0	0	2	0	12	0	56	2	/scratch/sk4386/sq2_sinederella_2consensus_20260514/run/Emoia_atrocostata/run_20260514_173540	/scratch/sk4386/sq2_sinederella_2consensus_20260514/run/Emoia_atrocostata/run_20260514_173540/step2/step2_output/subfamilies/sq2_short_general_50pct_from_nonsnakes_consensi.fasta
Emoia_atrocostata	sq2_unassigned	0.90	50	5205	5200	5166	34	0.6538	3	0	2	5185	5	6	4	500	32896	0	0	17	17	17	0	0	0	2	0	6	0	28	0	/scratch/sk4386/sq2_sinederella_2consensus_20260514/run/Emoia_atrocostata/run_20260514_173540	/scratch/sk4386/sq2_sinederella_2consensus_20260514/run/Emoia_atrocostata/run_20260514_173540/step2/step2_output/unassigned.fasta
Eryx_jayakari	sq2_long_gecko_dibamus	0.90	50	2613	2611	2585	26	0.9958	0	1	1	2600	5	6	4	500	2	0	0	13	13	13	0	0	0	2	0	0	0	6	20	/scratch/sk4386/sq2_sinederella_2consensus_20260514/run/Eryx_jayakari/run_20260514_121524	/scratch/sk4386/sq2_sinederella_2consensus_20260514/run/Eryx_jayakari/run_20260514_121524/step2/step2_output/subfamilies/sq2_long_gecko_dibamus_50pct_from_nonsnakes_consensi.fasta
Eryx_jayakari	sq2_short_general	0.90	50	4284	4276	4202	74	1.7306	1	6	1	4247	5	6	4	500	13	0	0	37	37	37	0	0	0	2	0	2	0	26	46	/scratch/sk4386/sq2_sinederella_2consensus_20260514/run/Eryx_jayakari/run_20260514_121524	/scratch/sk4386/sq2_sinederella_2consensus_20260514/run/Eryx_jayakari/run_20260514_121524/step2/step2_output/subfamilies/sq2_short_general_50pct_from_nonsnakes_consensi.fasta
Eryx_jayakari	sq2_unassigned	0.90	50	1662	1659	1629	30	1.8083	0	1	2	1651	5	6	4	500	9	0	0	15	15	15	0	0	0	2	0	0	0	16	14	/scratch/sk4386/sq2_sinederella_2consensus_20260514/run/Eryx_jayakari/run_20260514_121524	/scratch/sk4386/sq2_sinederella_2consensus_20260514/run/Eryx_jayakari/run_20260514_121524/step2/step2_output/unassigned.fasta
Eryx_tataricus	sq2_long_gecko_dibamus	0.90	50	3110	3108	3083	25	0.8044	0	2	0	3101	5	6	4	500	7	0	0	14	12	11	1	0	0	3	2	19	0	4	0	/scratch/sk4386/sq2_sinederella_2consensus_20260514/run/Eryx_tataricus/run_20260514_122057	/scratch/sk4386/sq2_sinederella_2consensus_20260514/run/Eryx_tataricus/run_20260514_122057/step2/step2_output/subfamilies/sq2_long_gecko_dibamus_50pct_from_nonsnakes_consensi.fasta
Eryx_tataricus	sq2_short_general	0.90	50	5089	5086	5040	46	0.9044	0	2	1	5069	5	6	4	500	10	0	0	23	23	23	0	0	0	2	12	28	4	2	0	/scratch/sk4386/sq2_sinederella_2consensus_20260514/run/Eryx_tataricus/run_20260514_122057	/scratch/sk4386/sq2_sinederella_2consensus_20260514/run/Eryx_tataricus/run_20260514_122057/step2/step2_output/subfamilies/sq2_short_general_50pct_from_nonsnakes_consensi.fasta
Eryx_tataricus	sq2_unassigned	0.90	50	2472	2472	2448	24	0.9709	0	0	0	2464	5	6	4	500	6	0	0	12	12	12	0	0	0	2	6	16	0	2	0	/scratch/sk4386/sq2_sinederella_2consensus_20260514/run/Eryx_tataricus/run_20260514_122057	/scratch/sk4386/sq2_sinederella_2consensus_20260514/run/Eryx_tataricus/run_20260514_122057/step2/step2_output/unassigned.fasta
Eublepharis_macularius	sq2_long_gecko_dibamus	0.90	50	50248	50146	49556	590	1.1766	0	8	94	49976	5	6	4	500	3122	0	0	2754	177	126	20	9	22	56	6	214	148	222	0	/scratch/sk4386/sq2_sinederella_2consensus_20260514/run/Eublepharis_macularius/run_20260514_122546	/scratch/sk4386/sq2_sinederella_2consensus_20260514/run/Eublepharis_macularius/run_20260514_122546/step2/step2_output/subfamilies/sq2_long_gecko_dibamus_50pct_from_nonsnakes_consensi.fasta
Eublepharis_macularius	sq2_short_general	0.90	50	5794	5788	5658	130	2.246	0	1	5	5774	5	6	4	500	857	0	0	387	31	20	3	3	5	24	2	31	11	86	0	/scratch/sk4386/sq2_sinederella_2consensus_20260514/run/Eublepharis_macularius/run_20260514_122546	/scratch/sk4386/sq2_sinederella_2consensus_20260514/run/Eublepharis_macularius/run_20260514_122546/step2/step2_output/subfamilies/sq2_short_general_50pct_from_nonsnakes_consensi.fasta
Eublepharis_macularius	sq2_unassigned	0.90	50	18302	18286	18078	208	1.1375	0	2	14	18245	5	6	4	500	896	0	0	471	63	45	8	3	7	24	2	80	45	81	0	/scratch/sk4386/sq2_sinederella_2consensus_20260514/run/Eublepharis_macularius/run_20260514_122546	/scratch/sk4386/sq2_sinederella_2consensus_20260514/run/Eublepharis_macularius/run_20260514_122546/step2/step2_output/unassigned.fasta
Eublepharis_macularius_local	sq2_long_gecko_dibamus	0.90	50	50873	50763	49718	1045	2.0586	3	16	91	50476	5	6	4	500	3764	0	0	3316	429	390	22	10	7	76	4	697	56	107	181	/scratch/sk4386/sq2_sinederella_2consensus_20260514/run/Eublepharis_macularius_local/run_20260514_122647	/scratch/sk4386/sq2_sinederella_2consensus_20260514/run/Eublepharis_macularius_local/run_20260514_122647/step2/step2_output/subfamilies/sq2_long_gecko_dibamus_50pct_from_nonsnakes_consensi.fasta
Eublepharis_macularius_local	sq2_short_general	0.90	50	6227	6220	6009	211	3.3923	1	0	6	6187	5	6	4	500	1087	0	0	553	63	52	2	3	6	27	0	87	5	32	87	/scratch/sk4386/sq2_sinederella_2consensus_20260514/run/Eublepharis_macularius_local/run_20260514_122647	/scratch/sk4386/sq2_sinederella_2consensus_20260514/run/Eublepharis_macularius_local/run_20260514_122647/step2/step2_output/subfamilies/sq2_short_general_50pct_from_nonsnakes_consensi.fasta
Eublepharis_macularius_local	sq2_unassigned	0.90	50	18467	18448	18052	396	2.1466	0	6	13	18354	5	6	4	500	1128	0	0	635	155	139	7	4	5	27	0	253	12	46	85	/scratch/sk4386/sq2_sinederella_2consensus_20260514/run/Eublepharis_macularius_local/run_20260514_122647	/scratch/sk4386/sq2_sinederella_2consensus_20260514/run/Eublepharis_macularius_local/run_20260514_122647/step2/step2_output/unassigned.fasta
Euleptes_europaea	sq2_long_gecko_dibamus	0.90	50	116394	115857	114449	1408	1.2153	0	9	528	115483	5	6	4	500	5477	0	0	2513	484	356	55	24	49	20	129	487	55	737	0	/scratch/sk4386/sq2_sinederella_2consensus_20260514/run/Euleptes_europaea/run_20260514_122705	/scratch/sk4386/sq2_sinederella_2consensus_20260514/run/Euleptes_europaea/run_20260514_122705/step2/step2_output/subfamilies/sq2_long_gecko_dibamus_50pct_from_nonsnakes_consensi.fasta
Euleptes_europaea	sq2_short_general	0.90	50	4497	4491	4441	50	1.1133	0	1	5	4479	5	6	4	500	80	0	0	77	16	12	1	0	3	11	0	22	0	28	0	/scratch/sk4386/sq2_sinederella_2consensus_20260514/run/Euleptes_europaea/run_20260514_122705	/scratch/sk4386/sq2_sinederella_2consensus_20260514/run/Euleptes_europaea/run_20260514_122705/step2/step2_output/subfamilies/sq2_short_general_50pct_from_nonsnakes_consensi.fasta
Euleptes_europaea	sq2_unassigned	0.90	50	16046	16030	15863	167	1.0418	0	2	14	15980	5	6	4	500	110	0	0	115	75	66	6	1	2	7	18	46	3	100	0	/scratch/sk4386/sq2_sinederella_2consensus_20260514/run/Euleptes_europaea/run_20260514_122705	/scratch/sk4386/sq2_sinederella_2consensus_20260514/run/Euleptes_europaea/run_20260514_122705/step2/step2_output/unassigned.fasta
Eutropis_multifasciata	sq2_long_gecko_dibamus	0.90	50	6913	6903	6798	105	1.5211	1	0	9	6860	5	6	4	500	28	0	0	104	46	43	0	1	2	10	0	33	2	70	0	/scratch/sk4386/sq2_sinederella_2consensus_20260514/run/Eutropis_multifasciata/run_20260514_173908	/scratch/sk4386/sq2_sinederella_2consensus_20260514/run/Eutropis_multifasciata/run_20260514_173908/step2/step2_output/subfamilies/sq2_long_gecko_dibamus_50pct_from_nonsnakes_consensi.fasta
Eutropis_multifasciata	sq2_short_general	0.90	50	20880	20849	20531	318	1.5253	2	2	27	20735	5	6	4	500	67	0	0	172	155	148	6	1	0	4	0	54	0	262	2	/scratch/sk4386/sq2_sinederella_2consensus_20260514/run/Eutropis_multifasciata/run_20260514_173908	/scratch/sk4386/sq2_sinederella_2consensus_20260514/run/Eutropis_multifasciata/run_20260514_173908/step2/step2_output/subfamilies/sq2_short_general_50pct_from_nonsnakes_consensi.fasta
Eutropis_multifasciata	sq2_unassigned	0.90	50	8229	8216	8079	137	1.6675	2	1	10	8164	5	6	4	500	47	0	0	135	58	49	5	1	3	10	0	51	0	86	0	/scratch/sk4386/sq2_sinederella_2consensus_20260514/run/Eutropis_multifasciata/run_20260514_173908	/scratch/sk4386/sq2_sinederella_2consensus_20260514/run/Eutropis_multifasciata/run_20260514_173908/step2/step2_output/unassigned.fasta
Furcifer_pardalis	sq2_long_gecko_dibamus	0.90	50	2313	2311	2299	12	0.5193	0	1	1	2306	5	6	4	500	10	0	0	39	2	0	1	0	1	9	0	12	0	0	0	/scratch/sk4386/sq2_sinederella_2consensus_20260514/run/Furcifer_pardalis/run_20260514_123201	/scratch/sk4386/sq2_sinederella_2consensus_20260514/run/Furcifer_pardalis/run_20260514_123201/step2/step2_output/subfamilies/sq2_long_gecko_dibamus_50pct_from_nonsnakes_consensi.fasta
Furcifer_pardalis	sq2_short_general	0.90	50	4676	4673	4671	2	0.0428	0	2	1	4672	5	6	4	500	2	0	0	1	1	1	0	0	0	2	0	2	0	0	0	/scratch/sk4386/sq2_sinederella_2consensus_20260514/run/Furcifer_pardalis/run_20260514_123201	/scratch/sk4386/sq2_sinederella_2consensus_20260514/run/Furcifer_pardalis/run_20260514_123201/step2/step2_output/subfamilies/sq2_short_general_50pct_from_nonsnakes_consensi.fasta
Furcifer_pardalis	sq2_unassigned	0.90	50	1964	1963	1951	12	0.6113	0	1	0	1958	5	6	4	500	10	0	0	39	2	0	1	0	1	9	0	12	0	0	0	/scratch/sk4386/sq2_sinederella_2consensus_20260514/run/Furcifer_pardalis/run_20260514_123201	/scratch/sk4386/sq2_sinederella_2consensus_20260514/run/Furcifer_pardalis/run_20260514_123201/step2/step2_output/unassigned.fasta
Gallotia_galloti	sq2_long_gecko_dibamus	0.90	50	7847	7831	7797	34	0.4342	2	3	11	7817	5	6	4	500	6	0	0	20	16	14	2	0	0	3	0	2	0	32	0	/scratch/sk4386/sq2_sinederella_2consensus_20260514/run/Gallotia_galloti/run_20260514_123559	/scratch/sk4386/sq2_sinederella_2consensus_20260514/run/Gallotia_galloti/run_20260514_123559/step2/step2_output/subfamilies/sq2_long_gecko_dibamus_50pct_from_nonsnakes_consensi.fasta
Gallotia_galloti	sq2_short_general	0.90	50	34722	34595	34362	233	0.6735	7	19	101	34527	5	6	4	500	126	0	0	169	104	89	11	1	3	7	0	14	0	219	0	/scratch/sk4386/sq2_sinederella_2consensus_20260514/run/Gallotia_galloti/run_20260514_123559	/scratch/sk4386/sq2_sinederella_2consensus_20260514/run/Gallotia_galloti/run_20260514_123559/step2/step2_output/subfamilies/sq2_short_general_50pct_from_nonsnakes_consensi.fasta
Gallotia_galloti	sq2_unassigned	0.90	50	8722	8703	8617	86	0.9882	3	5	11	8675	5	6	4	500	53	0	0	85	34	26	4	1	3	7	0	2	0	84	0	/scratch/sk4386/sq2_sinederella_2consensus_20260514/run/Gallotia_galloti/run_20260514_123559	/scratch/sk4386/sq2_sinederella_2consensus_20260514/run/Gallotia_galloti/run_20260514_123559/step2/step2_output/unassigned.fasta
Gambelia_wislizenii	sq2_long_gecko_dibamus	0.90	50	8609	8606	8596	10	0.1162	0	1	2	8602	5	6	4	500	2	0	0	5	5	5	0	0	0	2	0	4	2	4	0	/scratch/sk4386/sq2_sinederella_2consensus_20260514/run/Gambelia_wislizenii/run_20260514_124359	/scratch/sk4386/sq2_sinederella_2consensus_20260514/run/Gambelia_wislizenii/run_20260514_124359/step2/step2_output/subfamilies/sq2_long_gecko_dibamus_50pct_from_nonsnakes_consensi.fasta
Gambelia_wislizenii	sq2_short_general	0.90	50	11348	11337	11290	47	0.4146	0	1	10	11333	5	6	4	500	73	0	0	55	16	10	1	2	3	6	0	12	6	29	0	/scratch/sk4386/sq2_sinederella_2consensus_20260514/run/Gambelia_wislizenii/run_20260514_124359	/scratch/sk4386/sq2_sinederella_2consensus_20260514/run/Gambelia_wislizenii/run_20260514_124359/step2/step2_output/subfamilies/sq2_short_general_50pct_from_nonsnakes_consensi.fasta
Gambelia_wislizenii	sq2_unassigned	0.90	50	6040	6038	5997	41	0.679	0	0	2	6034	5	6	4	500	58	0	0	48	14	9	1	1	3	6	0	12	4	25	0	/scratch/sk4386/sq2_sinederella_2consensus_20260514/run/Gambelia_wislizenii/run_20260514_124359	/scratch/sk4386/sq2_sinederella_2consensus_20260514/run/Gambelia_wislizenii/run_20260514_124359/step2/step2_output/unassigned.fasta
Gehyra_mutilata	sq2_long_gecko_dibamus	0.90	50	48036	47874	46532	1342	2.8032	10	32	120	47639	5	6	4	500	1624	0	0	1151	608	569	14	13	12	25	60	482	52	737	11	/scratch/sk4386/sq2_sinederella_2consensus_20260514/run/Gehyra_mutilata/run_20260514_124410	/scratch/sk4386/sq2_sinederella_2consensus_20260514/run/Gehyra_mutilata/run_20260514_124410/step2/step2_output/subfamilies/sq2_long_gecko_dibamus_50pct_from_nonsnakes_consensi.fasta
Gehyra_mutilata	sq2_short_general	0.90	50	4873	4868	4732	136	2.7938	0	3	2	4842	5	6	4	500	160	0	0	94	61	57	1	0	3	8	9	44	2	65	16	/scratch/sk4386/sq2_sinederella_2consensus_20260514/run/Gehyra_mutilata/run_20260514_124410	/scratch/sk4386/sq2_sinederella_2consensus_20260514/run/Gehyra_mutilata/run_20260514_124410/step2/step2_output/subfamilies/sq2_short_general_50pct_from_nonsnakes_consensi.fasta
Gehyra_mutilata	sq2_unassigned	0.90	50	16774	16750	16346	404	2.4119	3	10	11	16687	5	6	4	500	429	0	0	289	180	166	3	4	7	9	31	125	39	191	18	/scratch/sk4386/sq2_sinederella_2consensus_20260514/run/Gehyra_mutilata/run_20260514_124410	/scratch/sk4386/sq2_sinederella_2consensus_20260514/run/Gehyra_mutilata/run_20260514_124410/step2/step2_output/unassigned.fasta
Gehyra_mutilata_hifi	sq2_long_gecko_dibamus	0.90	50	48035	47902	46152	1750	3.6533	7	9	117	47306	5	6	4	500	1432	0	0	2952	742	686	22	9	25	43	85	155	43	1428	39	/scratch/sk4386/sq2_sinederella_2consensus_20260514/run/Gehyra_mutilata_hifi/run_20260514_125022	/scratch/sk4386/sq2_sinederella_2consensus_20260514/run/Gehyra_mutilata_hifi/run_20260514_125022/step2/step2_output/subfamilies/sq2_long_gecko_dibamus_50pct_from_nonsnakes_consensi.fasta
Gehyra_mutilata_hifi	sq2_short_general	0.90	50	5027	5022	4843	179	3.5643	4	0	1	4975	5	6	4	500	147	0	0	104	84	76	6	1	1	5	4	11	0	164	0	/scratch/sk4386/sq2_sinederella_2consensus_20260514/run/Gehyra_mutilata_hifi/run_20260514_125022	/scratch/sk4386/sq2_sinederella_2consensus_20260514/run/Gehyra_mutilata_hifi/run_20260514_125022/step2/step2_output/subfamilies/sq2_short_general_50pct_from_nonsnakes_consensi.fasta
Gehyra_mutilata_hifi	sq2_unassigned	0.90	50	17207	17191	16533	658	3.8276	6	1	9	16988	5	6	4	500	450	0	0	674	289	266	8	5	10	19	34	44	0	561	19	/scratch/sk4386/sq2_sinederella_2consensus_20260514/run/Gehyra_mutilata_hifi/run_20260514_125022	/scratch/sk4386/sq2_sinederella_2consensus_20260514/run/Gehyra_mutilata_hifi/run_20260514_125022/step2/step2_output/unassigned.fasta
Gehyra_mutilata_local	sq2_long_gecko_dibamus	0.90	50	47902	47741	46399	1342	2.811	10	31	120	47505	5	6	4	500	1621	0	0	1151	608	569	14	13	12	25	60	480	52	739	11	/scratch/sk4386/sq2_sinederella_2consensus_20260514/run/Gehyra_mutilata_local/run_20260514_125139	/scratch/sk4386/sq2_sinederella_2consensus_20260514/run/Gehyra_mutilata_local/run_20260514_125139/step2/step2_output/subfamilies/sq2_long_gecko_dibamus_50pct_from_nonsnakes_consensi.fasta
Gehyra_mutilata_local	sq2_short_general	0.90	50	4901	4896	4762	134	2.7369	0	3	2	4870	5	6	4	500	159	0	0	93	60	56	1	0	3	8	9	42	2	65	16	/scratch/sk4386/sq2_sinederella_2consensus_20260514/run/Gehyra_mutilata_local/run_20260514_125139	/scratch/sk4386/sq2_sinederella_2consensus_20260514/run/Gehyra_mutilata_local/run_20260514_125139/step2/step2_output/subfamilies/sq2_short_general_50pct_from_nonsnakes_consensi.fasta
Gehyra_mutilata_local	sq2_unassigned	0.90	50	16866	16843	16433	410	2.4342	3	9	11	16777	5	6	4	500	430	0	0	292	183	169	3	4	7	9	31	125	39	197	18	/scratch/sk4386/sq2_sinederella_2consensus_20260514/run/Gehyra_mutilata_local/run_20260514_125139	/scratch/sk4386/sq2_sinederella_2consensus_20260514/run/Gehyra_mutilata_local/run_20260514_125139/step2/step2_output/unassigned.fasta
Gekko_gecko	sq2_long_gecko_dibamus	0.90	50	86464	86155	83185	2970	3.4473	32	18	259	85540	5	6	4	500	8882	0	0	7850	1025	846	80	24	75	54	187	507	210	2066	0	/scratch/sk4386/sq2_sinederella_2consensus_20260514/run/Gekko_gecko/run_20260514_125528	/scratch/sk4386/sq2_sinederella_2consensus_20260514/run/Gekko_gecko/run_20260514_125528/step2/step2_output/subfamilies/sq2_long_gecko_dibamus_50pct_from_nonsnakes_consensi.fasta
Gekko_gecko	sq2_short_general	0.90	50	8065	8055	7751	304	3.7741	3	1	6	8000	5	6	4	500	1018	0	0	521	92	68	9	2	13	18	14	52	25	213	0	/scratch/sk4386/sq2_sinederella_2consensus_20260514/run/Gekko_gecko/run_20260514_125528	/scratch/sk4386/sq2_sinederella_2consensus_20260514/run/Gekko_gecko/run_20260514_125528/step2/step2_output/subfamilies/sq2_short_general_50pct_from_nonsnakes_consensi.fasta
Gekko_gecko	sq2_unassigned	0.90	50	25667	25638	24371	1267	4.9419	4	2	23	25134	5	6	4	500	4289	0	0	30772	272	208	28	5	31	168	29	137	89	1012	0	/scratch/sk4386/sq2_sinederella_2consensus_20260514/run/Gekko_gecko/run_20260514_125528	/scratch/sk4386/sq2_sinederella_2consensus_20260514/run/Gekko_gecko/run_20260514_125528/step2/step2_output/unassigned.fasta
Gekko_japonicus	sq2_long_gecko_dibamus	0.90	50	76601	75148	73224	1924	2.5603	832	395	226	74634	5	6	4	500	2047	0	0	1679	852	786	39	6	21	23	346	217	14	1347	0	/scratch/sk4386/sq2_sinederella_2consensus_20260514/run/Gekko_japonicus/run_20260514_130858	/scratch/sk4386/sq2_sinederella_2consensus_20260514/run/Gekko_japonicus/run_20260514_130858/step2/step2_output/subfamilies/sq2_long_gecko_dibamus_50pct_from_nonsnakes_consensi.fasta
Gekko_japonicus	sq2_short_general	0.90	50	5802	5707	5547	160	2.8036	71	21	3	5673	5	6	4	500	192	0	0	110	67	62	0	1	4	10	14	18	2	126	0	/scratch/sk4386/sq2_sinederella_2consensus_20260514/run/Gekko_japonicus/run_20260514_130858	/scratch/sk4386/sq2_sinederella_2consensus_20260514/run/Gekko_japonicus/run_20260514_130858/step2/step2_output/subfamilies/sq2_short_general_50pct_from_nonsnakes_consensi.fasta
Gekko_japonicus	sq2_unassigned	0.90	50	19307	18885	18281	604	3.1983	323	81	18	18712	5	6	4	500	1052	0	0	1765	245	235	3	1	6	53	64	76	10	454	0	/scratch/sk4386/sq2_sinederella_2consensus_20260514/run/Gekko_japonicus/run_20260514_130858	/scratch/sk4386/sq2_sinederella_2consensus_20260514/run/Gekko_japonicus/run_20260514_130858/step2/step2_output/unassigned.fasta
Gekko_japonicus_local	sq2_long_gecko_dibamus	0.90	50	77867	77588	75033	2555	3.293	12	45	222	77075	5	6	4	500	5241	0	0	7254	971	836	67	14	54	89	136	1163	87	568	601	/scratch/sk4386/sq2_sinederella_2consensus_20260514/run/Gekko_japonicus_local/run_20260514_131255	/scratch/sk4386/sq2_sinederella_2consensus_20260514/run/Gekko_japonicus_local/run_20260514_131255/step2/step2_output/subfamilies/sq2_long_gecko_dibamus_50pct_from_nonsnakes_consensi.fasta
Gekko_japonicus_local	sq2_short_general	0.90	50	7424	7417	7126	291	3.9234	2	0	5	7377	5	6	4	500	970	0	0	427	90	70	5	2	13	20	19	96	13	48	115	/scratch/sk4386/sq2_sinederella_2consensus_20260514/run/Gekko_japonicus_local/run_20260514_131255	/scratch/sk4386/sq2_sinederella_2consensus_20260514/run/Gekko_japonicus_local/run_20260514_131255/step2/step2_output/subfamilies/sq2_short_general_50pct_from_nonsnakes_consensi.fasta
Gekko_japonicus_local	sq2_unassigned	0.90	50	23133	23101	22188	913	3.9522	4	9	19	22891	5	6	4	500	3752	0	0	6802	278	220	27	8	23	103	55	258	41	193	366	/scratch/sk4386/sq2_sinederella_2consensus_20260514/run/Gekko_japonicus_local/run_20260514_131255	/scratch/sk4386/sq2_sinederella_2consensus_20260514/run/Gekko_japonicus_local/run_20260514_131255/step2/step2_output/unassigned.fasta
Gerrhopilus_hedraeus	sq2_long_gecko_dibamus	0.90	50	4262	4259	4205	54	1.2679	0	0	3	4243	5	6	4	500	4907	0	0	52	21	13	6	1	1	6	2	15	0	37	0	/scratch/sk4386/sq2_sinederella_2consensus_20260514/run/Gerrhopilus_hedraeus/run_20260514_174013	/scratch/sk4386/sq2_sinederella_2consensus_20260514/run/Gerrhopilus_hedraeus/run_20260514_174013/step2/step2_output/subfamilies/sq2_long_gecko_dibamus_50pct_from_nonsnakes_consensi.fasta
Gerrhopilus_hedraeus	sq2_short_general	0.90	50	4643	4640	4596	44	0.9483	0	0	3	4630	5	6	4	500	304	0	0	29	20	17	2	1	0	4	0	26	0	18	0	/scratch/sk4386/sq2_sinederella_2consensus_20260514/run/Gerrhopilus_hedraeus/run_20260514_174013	/scratch/sk4386/sq2_sinederella_2consensus_20260514/run/Gerrhopilus_hedraeus/run_20260514_174013/step2/step2_output/subfamilies/sq2_short_general_50pct_from_nonsnakes_consensi.fasta
Gerrhopilus_hedraeus	sq2_unassigned	0.90	50	5640	5638	5512	126	2.2348	0	0	2	5581	5	6	4	500	12090	0	0	841	38	27	8	2	1	40	2	38	0	86	0	/scratch/sk4386/sq2_sinederella_2consensus_20260514/run/Gerrhopilus_hedraeus/run_20260514_174013	/scratch/sk4386/sq2_sinederella_2consensus_20260514/run/Gerrhopilus_hedraeus/run_20260514_174013/step2/step2_output/unassigned.fasta
Gonatodes_alexandermendesi	sq2_long_gecko_dibamus	0.90	50	20540	19691	19686	5	0.0254	598	233	18	19691	5	6	4	500	10	0	0	4	2	1	1	0	0	3	0	0	0	5	0	/scratch/sk4386/sq2_sinederella_2consensus_20260514/run/Gonatodes_alexandermendesi/run_20260514_131457	/scratch/sk4386/sq2_sinederella_2consensus_20260514/run/Gonatodes_alexandermendesi/run_20260514_131457/step2/step2_output/subfamilies/sq2_long_gecko_dibamus_50pct_from_nonsnakes_consensi.fasta
Gonatodes_alexandermendesi	sq2_short_general	0.90	50	1567	1520	1520	0	0.0	29	18	0	1520	5	6	4	500	0	0	0	0	0	0	0	0	0	0	0	0	0	0	0	/scratch/sk4386/sq2_sinederella_2consensus_20260514/run/Gonatodes_alexandermendesi/run_20260514_131457	/scratch/sk4386/sq2_sinederella_2consensus_20260514/run/Gonatodes_alexandermendesi/run_20260514_131457/step2/step2_output/subfamilies/sq2_short_general_50pct_from_nonsnakes_consensi.fasta
Gonatodes_alexandermendesi	sq2_unassigned	0.90	50	5456	5259	5259	0	0.0	128	68	1	5259	5	6	4	500	0	0	0	0	0	0	0	0	0	0	0	0	0	0	0	/scratch/sk4386/sq2_sinederella_2consensus_20260514/run/Gonatodes_alexandermendesi/run_20260514_131457	/scratch/sk4386/sq2_sinederella_2consensus_20260514/run/Gonatodes_alexandermendesi/run_20260514_131457/step2/step2_output/unassigned.fasta
Heloderma_charlesbogerti	sq2_long_gecko_dibamus	0.90	50	26899	26853	26503	350	1.3034	5	5	36	26729	5	6	4	500	911	0	0	217	166	157	4	3	2	7	0	90	2	258	0	/scratch/sk4386/sq2_sinederella_2consensus_20260514/run/Heloderma_charlesbogerti/run_20260514_132549	/scratch/sk4386/sq2_sinederella_2consensus_20260514/run/Heloderma_charlesbogerti/run_20260514_132549/step2/step2_output/subfamilies/sq2_long_gecko_dibamus_50pct_from_nonsnakes_consensi.fasta
Heloderma_charlesbogerti	sq2_short_general	0.90	50	50116	49946	47985	1961	3.9262	12	2	156	49649	5	6	4	500	129000	0	0	19720	469	371	43	14	41	244	19	191	0	1751	0	/scratch/sk4386/sq2_sinederella_2consensus_20260514/run/Heloderma_charlesbogerti/run_20260514_132549	/scratch/sk4386/sq2_sinederella_2consensus_20260514/run/Heloderma_charlesbogerti/run_20260514_132549/step2/step2_output/subfamilies/sq2_short_general_50pct_from_nonsnakes_consensi.fasta
Heloderma_charlesbogerti	sq2_unassigned	0.90	50	18549	18529	18150	379	2.0454	1	0	19	18405	5	6	4	500	1289	0	0	229	176	156	14	5	1	5	0	103	0	276	0	/scratch/sk4386/sq2_sinederella_2consensus_20260514/run/Heloderma_charlesbogerti/run_20260514_132549	/scratch/sk4386/sq2_sinederella_2consensus_20260514/run/Heloderma_charlesbogerti/run_20260514_132549/step2/step2_output/unassigned.fasta
Hemicordylus_capensis	sq2_long_gecko_dibamus	0.90	50	13759	13737	13263	474	3.4505	0	5	17	13568	5	6	4	500	2033	0	0	4474	78	47	10	3	18	45	0	71	232	171	0	/scratch/sk4386/sq2_sinederella_2consensus_20260514/run/Hemicordylus_capensis/run_20260514_132622	/scratch/sk4386/sq2_sinederella_2consensus_20260514/run/Hemicordylus_capensis/run_20260514_132622/step2/step2_output/subfamilies/sq2_long_gecko_dibamus_50pct_from_nonsnakes_consensi.fasta
Hemicordylus_capensis	sq2_short_general	0.90	50	206379	205225	195376	9849	4.7991	1	27	1126	200344	5	6	4	500	561945	0	0	938743	1259	776	172	61	250	959	45	2121	4131	3552	0	/scratch/sk4386/sq2_sinederella_2consensus_20260514/run/Hemicordylus_capensis/run_20260514_132622	/scratch/sk4386/sq2_sinederella_2consensus_20260514/run/Hemicordylus_capensis/run_20260514_132622/step2/step2_output/subfamilies/sq2_short_general_50pct_from_nonsnakes_consensi.fasta
Hemicordylus_capensis	sq2_unassigned	0.90	50	19689	19591	19125	466	2.3786	0	6	92	19401	5	6	4	500	765	0	0	1901	119	75	15	7	22	35	6	152	226	82	0	/scratch/sk4386/sq2_sinederella_2consensus_20260514/run/Hemicordylus_capensis/run_20260514_132622	/scratch/sk4386/sq2_sinederella_2consensus_20260514/run/Hemicordylus_capensis/run_20260514_132622/step2/step2_output/unassigned.fasta
Hemidactylus_brookii	sq2_long_gecko_dibamus	0.90	50	32292	31541	31274	267	0.8465	635	74	42	31541	5	6	4	500	3194	0	0	940	45	24	5	4	12	29	2	0	2	263	0	/scratch/sk4386/sq2_sinederella_2consensus_20260514/run/Hemidactylus_brookii/run_20260514_133253	/scratch/sk4386/sq2_sinederella_2consensus_20260514/run/Hemidactylus_brookii/run_20260514_133253/step2/step2_output/subfamilies/sq2_long_gecko_dibamus_50pct_from_nonsnakes_consensi.fasta
Hemidactylus_brookii	sq2_short_general	0.90	50	2767	2702	2700	2	0.074	49	16	0	2702	5	6	4	500	1	0	0	1	1	1	0	0	0	2	0	0	0	2	0	/scratch/sk4386/sq2_sinederella_2consensus_20260514/run/Hemidactylus_brookii/run_20260514_133253	/scratch/sk4386/sq2_sinederella_2consensus_20260514/run/Hemidactylus_brookii/run_20260514_133253/step2/step2_output/subfamilies/sq2_short_general_50pct_from_nonsnakes_consensi.fasta
Hemidactylus_brookii	sq2_unassigned	0.90	50	9194	8986	8982	4	0.0445	189	19	0	8986	5	6	4	500	2	0	0	2	2	2	0	0	0	2	2	0	0	2	0	/scratch/sk4386/sq2_sinederella_2consensus_20260514/run/Hemidactylus_brookii/run_20260514_133253	/scratch/sk4386/sq2_sinederella_2consensus_20260514/run/Hemidactylus_brookii/run_20260514_133253/step2/step2_output/unassigned.fasta
Hemidactylus_flaviviridis	sq2_long_gecko_dibamus	0.90	50	37746	37239	37159	80	0.2148	412	47	48	37234	5	6	4	500	64	0	0	41	39	38	0	1	0	4	4	2	0	74	0	/scratch/sk4386/sq2_sinederella_2consensus_20260514/run/Hemidactylus_flaviviridis/run_20260514_133757	/scratch/sk4386/sq2_sinederella_2consensus_20260514/run/Hemidactylus_flaviviridis/run_20260514_133757/step2/step2_output/subfamilies/sq2_long_gecko_dibamus_50pct_from_nonsnakes_consensi.fasta
Hemidactylus_flaviviridis	sq2_short_general	0.90	50	4089	3975	3969	6	0.1509	110	3	1	3975	5	6	4	500	5	0	0	3	3	3	0	0	0	2	0	0	0	6	0	/scratch/sk4386/sq2_sinederella_2consensus_20260514/run/Hemidactylus_flaviviridis/run_20260514_133757	/scratch/sk4386/sq2_sinederella_2consensus_20260514/run/Hemidactylus_flaviviridis/run_20260514_133757/step2/step2_output/subfamilies/sq2_short_general_50pct_from_nonsnakes_consensi.fasta
Hemidactylus_flaviviridis	sq2_unassigned	0.90	50	12551	12303	12283	20	0.1626	224	19	5	12301	5	6	4	500	17	0	0	10	10	10	0	0	0	2	2	0	0	18	0	/scratch/sk4386/sq2_sinederella_2consensus_20260514/run/Hemidactylus_flaviviridis/run_20260514_133757	/scratch/sk4386/sq2_sinederella_2consensus_20260514/run/Hemidactylus_flaviviridis/run_20260514_133757/step2/step2_output/unassigned.fasta
Hemidactylus_frenatus	sq2_long_gecko_dibamus	0.90	50	34232	34152	33551	601	1.7598	9	24	47	34040	5	6	4	500	482	0	0	460	270	245	12	7	6	13	8	281	31	275	6	/scratch/sk4386/sq2_sinederella_2consensus_20260514/run/Hemidactylus_frenatus/run_20260514_134225	/scratch/sk4386/sq2_sinederella_2consensus_20260514/run/Hemidactylus_frenatus/run_20260514_134225/step2/step2_output/subfamilies/sq2_long_gecko_dibamus_50pct_from_nonsnakes_consensi.fasta
Hemidactylus_frenatus	sq2_short_general	0.90	50	4107	4105	4046	59	1.4373	0	1	1	4093	5	6	4	500	57	0	0	42	26	23	1	1	1	6	2	18	2	27	10	/scratch/sk4386/sq2_sinederella_2consensus_20260514/run/Hemidactylus_frenatus/run_20260514_134225	/scratch/sk4386/sq2_sinederella_2consensus_20260514/run/Hemidactylus_frenatus/run_20260514_134225/step2/step2_output/subfamilies/sq2_short_general_50pct_from_nonsnakes_consensi.fasta
Hemidactylus_frenatus	sq2_unassigned	0.90	50	13288	13269	13019	250	1.8841	5	7	7	13218	5	6	4	500	344	0	0	285	95	74	8	6	7	13	6	94	23	116	11	/scratch/sk4386/sq2_sinederella_2consensus_20260514/run/Hemidactylus_frenatus/run_20260514_134225	/scratch/sk4386/sq2_sinederella_2consensus_20260514/run/Hemidactylus_frenatus/run_20260514_134225/step2/step2_output/unassigned.fasta
Hemidactylus_mabouia	sq2_long_gecko_dibamus	0.90	50	32011	31940	31556	384	1.2023	0	10	61	31855	5	6	4	500	209	0	0	228	183	175	5	1	2	10	14	229	22	114	5	/scratch/sk4386/sq2_sinederella_2consensus_20260514/run/Hemidactylus_mabouia/run_20260514_134748	/scratch/sk4386/sq2_sinederella_2consensus_20260514/run/Hemidactylus_mabouia/run_20260514_134748/step2/step2_output/subfamilies/sq2_long_gecko_dibamus_50pct_from_nonsnakes_consensi.fasta
Hemidactylus_mabouia	sq2_short_general	0.90	50	3834	3833	3773	60	1.5654	0	0	1	3822	5	6	4	500	92	0	0	36	27	23	2	2	0	4	10	18	2	26	4	/scratch/sk4386/sq2_sinederella_2consensus_20260514/run/Hemidactylus_mabouia/run_20260514_134748	/scratch/sk4386/sq2_sinederella_2consensus_20260514/run/Hemidactylus_mabouia/run_20260514_134748/step2/step2_output/subfamilies/sq2_short_general_50pct_from_nonsnakes_consensi.fasta
Hemidactylus_mabouia	sq2_unassigned	0.90	50	12887	12875	12717	158	1.2272	0	5	7	12835	5	6	4	500	148	0	0	107	71	62	5	3	1	7	16	77	16	40	9	/scratch/sk4386/sq2_sinederella_2consensus_20260514/run/Hemidactylus_mabouia/run_20260514_134748	/scratch/sk4386/sq2_sinederella_2consensus_20260514/run/Hemidactylus_mabouia/run_20260514_134748/step2/step2_output/unassigned.fasta
Hemidactylus_macropholis	sq2_long_gecko_dibamus	0.90	50	28463	28027	28019	8	0.0285	361	41	34	28027	5	6	4	500	17	0	0	4	4	4	0	0	0	2	0	0	0	8	0	/scratch/sk4386/sq2_sinederella_2consensus_20260514/run/Hemidactylus_macropholis/run_20260514_135353	/scratch/sk4386/sq2_sinederella_2consensus_20260514/run/Hemidactylus_macropholis/run_20260514_135353/step2/step2_output/subfamilies/sq2_long_gecko_dibamus_50pct_from_nonsnakes_consensi.fasta
Hemidactylus_macropholis	sq2_short_general	0.90	50	3544	3015	3013	2	0.0663	523	6	0	3014	5	6	4	500	19	0	0	1	1	1	0	0	0	2	0	0	0	2	0	/scratch/sk4386/sq2_sinederella_2consensus_20260514/run/Hemidactylus_macropholis/run_20260514_135353	/scratch/sk4386/sq2_sinederella_2consensus_20260514/run/Hemidactylus_macropholis/run_20260514_135353/step2/step2_output/subfamilies/sq2_short_general_50pct_from_nonsnakes_consensi.fasta
Hemidactylus_macropholis	sq2_unassigned	0.90	50	11000	10724	10720	4	0.0373	249	24	3	10723	5	6	4	500	22	0	0	2	2	2	0	0	0	2	0	0	0	4	0	/scratch/sk4386/sq2_sinederella_2consensus_20260514/run/Hemidactylus_macropholis/run_20260514_135353	/scratch/sk4386/sq2_sinederella_2consensus_20260514/run/Hemidactylus_macropholis/run_20260514_135353/step2/step2_output/unassigned.fasta
Heteronotia_binoei	sq2_long_gecko_dibamus	0.90	50	114038	113674	107784	5890	5.1815	1	48	315	112288	5	6	4	500	52809	0	0	15675	2001	1610	157	76	158	72	327	2410	317	2836	0	/scratch/sk4386/sq2_sinederella_2consensus_20260514/run/Heteronotia_binoei/run_20260514_135545	/scratch/sk4386/sq2_sinederella_2consensus_20260514/run/Heteronotia_binoei/run_20260514_135545/step2/step2_output/subfamilies/sq2_long_gecko_dibamus_50pct_from_nonsnakes_consensi.fasta
Heteronotia_binoei	sq2_short_general	0.90	50	6145	6138	5841	297	4.8387	0	3	4	6058	5	6	4	500	488	0	0	344	111	89	6	6	10	11	14	116	10	157	0	/scratch/sk4386/sq2_sinederella_2consensus_20260514/run/Heteronotia_binoei/run_20260514_135545	/scratch/sk4386/sq2_sinederella_2consensus_20260514/run/Heteronotia_binoei/run_20260514_135545/step2/step2_output/subfamilies/sq2_short_general_50pct_from_nonsnakes_consensi.fasta
Heteronotia_binoei	sq2_unassigned	0.90	50	21462	21437	20677	760	3.5453	0	7	18	21236	5	6	4	500	917	0	0	765	304	254	20	11	19	15	44	327	66	323	0	/scratch/sk4386/sq2_sinederella_2consensus_20260514/run/Heteronotia_binoei/run_20260514_135545	/scratch/sk4386/sq2_sinederella_2consensus_20260514/run/Heteronotia_binoei/run_20260514_135545/step2/step2_output/unassigned.fasta
Heteronotia_binoei_local	sq2_long_gecko_dibamus	0.90	50	111496	111038	105690	5348	4.8164	17	123	318	109821	5	6	4	500	55236	0	0	14534	1876	1551	130	56	139	72	240	2136	227	1380	1365	/scratch/sk4386/sq2_sinederella_2consensus_20260514/run/Heteronotia_binoei_local/run_20260514_135907	/scratch/sk4386/sq2_sinederella_2consensus_20260514/run/Heteronotia_binoei_local/run_20260514_135907/step2/step2_output/subfamilies/sq2_long_gecko_dibamus_50pct_from_nonsnakes_consensi.fasta
Heteronotia_binoei_local	sq2_short_general	0.90	50	6273	6268	6021	247	3.9407	0	0	5	6222	5	6	4	500	484	0	0	253	87	68	6	3	10	15	15	86	2	66	78	/scratch/sk4386/sq2_sinederella_2consensus_20260514/run/Heteronotia_binoei_local/run_20260514_135907	/scratch/sk4386/sq2_sinederella_2consensus_20260514/run/Heteronotia_binoei_local/run_20260514_135907/step2/step2_output/subfamilies/sq2_short_general_50pct_from_nonsnakes_consensi.fasta
Heteronotia_binoei_local	sq2_unassigned	0.90	50	20804	20779	20131	648	3.1185	2	7	16	20635	5	6	4	500	833	0	0	556	260	217	23	6	14	17	34	290	66	153	105	/scratch/sk4386/sq2_sinederella_2consensus_20260514/run/Heteronotia_binoei_local/run_20260514_135907	/scratch/sk4386/sq2_sinederella_2consensus_20260514/run/Heteronotia_binoei_local/run_20260514_135907/step2/step2_output/unassigned.fasta
Holbrookia_maculata_amplify_assembly	sq2_long_gecko_dibamus	0.90	50	5681	5678	5634	44	0.7749	0	0	3	5671	5	6	4	500	21	0	0	22	22	22	0	0	0	2	0	4	0	40	0	/scratch/sk4386/sq2_sinederella_2consensus_20260514/run/Holbrookia_maculata_amplify_assembly/run_20260514_174034	/scratch/sk4386/sq2_sinederella_2consensus_20260514/run/Holbrookia_maculata_amplify_assembly/run_20260514_174034/step2/step2_output/subfamilies/sq2_long_gecko_dibamus_50pct_from_nonsnakes_consensi.fasta
Holbrookia_maculata_amplify_assembly	sq2_short_general	0.90	50	7389	7386	7321	65	0.88	0	1	2	7369	5	6	4	500	21	0	0	34	32	31	1	0	0	3	2	2	0	61	0	/scratch/sk4386/sq2_sinederella_2consensus_20260514/run/Holbrookia_maculata_amplify_assembly/run_20260514_174034	/scratch/sk4386/sq2_sinederella_2consensus_20260514/run/Holbrookia_maculata_amplify_assembly/run_20260514_174034/step2/step2_output/subfamilies/sq2_short_general_50pct_from_nonsnakes_consensi.fasta
Holbrookia_maculata_amplify_assembly	sq2_unassigned	0.90	50	4257	4253	4229	24	0.5643	0	1	3	4245	5	6	4	500	5	0	0	12	12	12	0	0	0	2	0	0	0	24	0	/scratch/sk4386/sq2_sinederella_2consensus_20260514/run/Holbrookia_maculata_amplify_assembly/run_20260514_174034	/scratch/sk4386/sq2_sinederella_2consensus_20260514/run/Holbrookia_maculata_amplify_assembly/run_20260514_174034/step2/step2_output/unassigned.fasta
Hydrophis_major	sq2_long_gecko_dibamus	0.90	50	801	801	786	15	1.8727	0	0	0	797	5	6	4	500	18	0	0	9	7	6	1	0	0	3	0	6	4	5	0	/scratch/sk4386/sq2_sinederella_2consensus_20260514/run/Hydrophis_major/run_20260514_140530	/scratch/sk4386/sq2_sinederella_2consensus_20260514/run/Hydrophis_major/run_20260514_140530/step2/step2_output/subfamilies/sq2_long_gecko_dibamus_50pct_from_nonsnakes_consensi.fasta
Hydrophis_major	sq2_short_general	0.90	50	1291	1291	1276	15	1.1619	0	0	0	1285	5	6	4	500	3	0	0	9	7	6	1	0	0	3	0	11	2	2	0	/scratch/sk4386/sq2_sinederella_2consensus_20260514/run/Hydrophis_major/run_20260514_140530	/scratch/sk4386/sq2_sinederella_2consensus_20260514/run/Hydrophis_major/run_20260514_140530/step2/step2_output/subfamilies/sq2_short_general_50pct_from_nonsnakes_consensi.fasta
Hydrophis_major	sq2_unassigned	0.90	50	296	296	285	11	3.7162	0	0	0	293	5	6	4	500	5	0	0	7	5	4	1	0	0	3	0	7	2	2	0	/scratch/sk4386/sq2_sinederella_2consensus_20260514/run/Hydrophis_major/run_20260514_140530	/scratch/sk4386/sq2_sinederella_2consensus_20260514/run/Hydrophis_major/run_20260514_140530/step2/step2_output/unassigned.fasta
Hypsiscopus_plumbea	sq2_long_gecko_dibamus	0.90	50	769	769	759	10	1.3004	0	0	0	765	5	6	4	500	1	0	0	5	5	5	0	0	0	2	2	6	0	2	0	/scratch/sk4386/sq2_sinederella_2consensus_20260514/run/Hypsiscopus_plumbea/run_20260514_141018	/scratch/sk4386/sq2_sinederella_2consensus_20260514/run/Hypsiscopus_plumbea/run_20260514_141018/step2/step2_output/subfamilies/sq2_long_gecko_dibamus_50pct_from_nonsnakes_consensi.fasta
Hypsiscopus_plumbea	sq2_short_general	0.90	50	1322	1320	1296	24	1.8182	0	2	0	1315	5	6	4	500	19	0	0	19	10	8	1	0	1	5	8	4	0	12	0	/scratch/sk4386/sq2_sinederella_2consensus_20260514/run/Hypsiscopus_plumbea/run_20260514_141018	/scratch/sk4386/sq2_sinederella_2consensus_20260514/run/Hypsiscopus_plumbea/run_20260514_141018/step2/step2_output/subfamilies/sq2_short_general_50pct_from_nonsnakes_consensi.fasta
Hypsiscopus_plumbea	sq2_unassigned	0.90	50	484	484	471	13	2.686	0	0	0	483	5	6	4	500	12	0	0	10	5	2	3	0	0	3	2	3	0	8	0	/scratch/sk4386/sq2_sinederella_2consensus_20260514/run/Hypsiscopus_plumbea/run_20260514_141018	/scratch/sk4386/sq2_sinederella_2consensus_20260514/run/Hypsiscopus_plumbea/run_20260514_141018/step2/step2_output/unassigned.fasta
Iguana_iguana	sq2_long_gecko_dibamus	0.90	50	8224	8217	8194	23	0.2799	0	4	3	8210	5	6	4	500	6	0	0	13	11	10	1	0	0	3	0	14	0	9	0	/scratch/sk4386/sq2_sinederella_2consensus_20260514/run/Iguana_iguana/run_20260514_141034	/scratch/sk4386/sq2_sinederella_2consensus_20260514/run/Iguana_iguana/run_20260514_141034/step2/step2_output/subfamilies/sq2_long_gecko_dibamus_50pct_from_nonsnakes_consensi.fasta
Iguana_iguana	sq2_short_general	0.90	50	11230	11221	11187	34	0.303	0	2	7	11213	5	6	4	500	17	0	0	19	16	14	2	0	0	3	2	14	0	18	0	/scratch/sk4386/sq2_sinederella_2consensus_20260514/run/Iguana_iguana/run_20260514_141034	/scratch/sk4386/sq2_sinederella_2consensus_20260514/run/Iguana_iguana/run_20260514_141034/step2/step2_output/subfamilies/sq2_short_general_50pct_from_nonsnakes_consensi.fasta
Iguana_iguana	sq2_unassigned	0.90	50	5998	5997	5973	24	0.4002	0	1	0	5990	5	6	4	500	12	0	0	14	11	9	2	0	0	3	2	12	0	10	0	/scratch/sk4386/sq2_sinederella_2consensus_20260514/run/Iguana_iguana/run_20260514_141034	/scratch/sk4386/sq2_sinederella_2consensus_20260514/run/Iguana_iguana/run_20260514_141034/step2/step2_output/unassigned.fasta
Indotyphlops_braminus	sq2_long_gecko_dibamus	0.90	50	18545	18542	16367	2175	11.7301	0	1	2	18310	5	6	4	500	558924	0	9	2697	1013	931	75	2	5	55	2	156	10	2007	0	/scratch/sk4386/sq2_sinederella_2consensus_20260514/run/Indotyphlops_braminus/run_20260514_141407	/scratch/sk4386/sq2_sinederella_2consensus_20260514/run/Indotyphlops_braminus/run_20260514_141407/step2/step2_output/subfamilies/sq2_long_gecko_dibamus_50pct_from_nonsnakes_consensi.fasta
Indotyphlops_braminus	sq2_short_general	0.90	50	8598	8592	6530	2062	23.9991	0	3	3	8386	5	6	4	500	6436	0	0	5470	819	670	132	4	13	87	6	59	6	1991	0	/scratch/sk4386/sq2_sinederella_2consensus_20260514/run/Indotyphlops_braminus/run_20260514_141407	/scratch/sk4386/sq2_sinederella_2consensus_20260514/run/Indotyphlops_braminus/run_20260514_141407/step2/step2_output/subfamilies/sq2_short_general_50pct_from_nonsnakes_consensi.fasta
Indotyphlops_braminus	sq2_unassigned	0.90	50	15167	15161	13662	1499	9.8872	0	3	3	15004	5	6	4	500	354127	0	0	3574	605	552	34	5	14	66	8	77	12	1402	0	/scratch/sk4386/sq2_sinederella_2consensus_20260514/run/Indotyphlops_braminus/run_20260514_141407	/scratch/sk4386/sq2_sinederella_2consensus_20260514/run/Indotyphlops_braminus/run_20260514_141407/step2/step2_output/unassigned.fasta
Lacerta_agilis	sq2_long_gecko_dibamus	0.90	50	8872	8858	8773	85	0.9596	0	0	14	8831	5	6	4	500	26	0	0	47	41	38	3	0	0	3	0	85	0	0	0	/scratch/sk4386/sq2_sinederella_2consensus_20260514/run/Lacerta_agilis/run_20260514_141946	/scratch/sk4386/sq2_sinederella_2consensus_20260514/run/Lacerta_agilis/run_20260514_141946/step2/step2_output/subfamilies/sq2_long_gecko_dibamus_50pct_from_nonsnakes_consensi.fasta
Lacerta_agilis	sq2_short_general	0.90	50	37769	37642	37090	552	1.4664	0	3	124	37463	5	6	4	500	441	0	0	1586	220	205	9	1	5	29	6	419	7	120	0	/scratch/sk4386/sq2_sinederella_2consensus_20260514/run/Lacerta_agilis/run_20260514_141946	/scratch/sk4386/sq2_sinederella_2consensus_20260514/run/Lacerta_agilis/run_20260514_141946/step2/step2_output/subfamilies/sq2_short_general_50pct_from_nonsnakes_consensi.fasta
Lacerta_agilis	sq2_unassigned	0.90	50	11007	10995	10860	135	1.2278	0	0	12	10956	5	6	4	500	47	0	0	75	65	61	3	1	0	4	0	130	2	3	0	/scratch/sk4386/sq2_sinederella_2consensus_20260514/run/Lacerta_agilis/run_20260514_141946	/scratch/sk4386/sq2_sinederella_2consensus_20260514/run/Lacerta_agilis/run_20260514_141946/step2/step2_output/unassigned.fasta
Lanthanotus_borneensis	sq2_long_gecko_dibamus	0.90	50	15491	15466	15401	65	0.4203	1	2	22	15461	5	6	4	500	408	0	0	102	22	16	4	0	2	11	0	14	0	51	0	/scratch/sk4386/sq2_sinederella_2consensus_20260514/run/Lanthanotus_borneensis/run_20260514_142044	/scratch/sk4386/sq2_sinederella_2consensus_20260514/run/Lanthanotus_borneensis/run_20260514_142044/step2/step2_output/subfamilies/sq2_long_gecko_dibamus_50pct_from_nonsnakes_consensi.fasta
Lanthanotus_borneensis	sq2_short_general	0.90	50	30026	29955	29257	698	2.3302	0	4	67	29872	5	6	4	500	3197	0	0	2344	145	68	19	18	40	33	2	24	0	672	0	/scratch/sk4386/sq2_sinederella_2consensus_20260514/run/Lanthanotus_borneensis/run_20260514_142044	/scratch/sk4386/sq2_sinederella_2consensus_20260514/run/Lanthanotus_borneensis/run_20260514_142044/step2/step2_output/subfamilies/sq2_short_general_50pct_from_nonsnakes_consensi.fasta
Lanthanotus_borneensis	sq2_unassigned	0.90	50	14379	14356	13807	549	3.8242	1	3	19	14311	5	6	4	500	3426	0	0	1740	123	65	14	16	28	33	0	18	0	531	0	/scratch/sk4386/sq2_sinederella_2consensus_20260514/run/Lanthanotus_borneensis/run_20260514_142044	/scratch/sk4386/sq2_sinederella_2consensus_20260514/run/Lanthanotus_borneensis/run_20260514_142044/step2/step2_output/unassigned.fasta
Latastia_doriai	sq2_long_gecko_dibamus	0.90	50	4340	4300	4294	6	0.1395	29	5	6	4300	5	6	4	500	3	0	0	3	3	3	0	0	0	2	0	0	0	6	0	/scratch/sk4386/sq2_sinederella_2consensus_20260514/run/Latastia_doriai/run_20260514_142152	/scratch/sk4386/sq2_sinederella_2consensus_20260514/run/Latastia_doriai/run_20260514_142152/step2/step2_output/subfamilies/sq2_long_gecko_dibamus_50pct_from_nonsnakes_consensi.fasta
Latastia_doriai	sq2_short_general	0.90	50	23473	23309	23289	20	0.0858	123	11	30	23309	5	6	4	500	18	0	0	10	10	10	0	0	0	2	0	4	0	16	0	/scratch/sk4386/sq2_sinederella_2consensus_20260514/run/Latastia_doriai/run_20260514_142152	/scratch/sk4386/sq2_sinederella_2consensus_20260514/run/Latastia_doriai/run_20260514_142152/step2/step2_output/subfamilies/sq2_short_general_50pct_from_nonsnakes_consensi.fasta
Latastia_doriai	sq2_unassigned	0.90	50	6706	6647	6641	6	0.0903	51	7	1	6647	5	6	4	500	7	0	0	3	3	3	0	0	0	2	0	0	0	6	0	/scratch/sk4386/sq2_sinederella_2consensus_20260514/run/Latastia_doriai/run_20260514_142152	/scratch/sk4386/sq2_sinederella_2consensus_20260514/run/Latastia_doriai/run_20260514_142152/step2/step2_output/unassigned.fasta
Laudakia_wui	sq2_long_gecko_dibamus	0.90	50	5837	5830	5808	22	0.3774	0	4	3	5822	5	6	4	500	98690	0	0	19	9	7	0	2	0	4	0	20	0	2	0	/scratch/sk4386/sq2_sinederella_2consensus_20260514/run/Laudakia_wui/run_20260514_143439	/scratch/sk4386/sq2_sinederella_2consensus_20260514/run/Laudakia_wui/run_20260514_143439/step2/step2_output/subfamilies/sq2_long_gecko_dibamus_50pct_from_nonsnakes_consensi.fasta
Laudakia_wui	sq2_short_general	0.90	50	12036	12023	11918	105	0.8733	0	9	4	11988	5	6	4	500	20799	0	0	200	35	23	6	1	5	15	0	71	6	28	0	/scratch/sk4386/sq2_sinederella_2consensus_20260514/run/Laudakia_wui/run_20260514_143439	/scratch/sk4386/sq2_sinederella_2consensus_20260514/run/Laudakia_wui/run_20260514_143439/step2/step2_output/subfamilies/sq2_short_general_50pct_from_nonsnakes_consensi.fasta
Laudakia_wui	sq2_unassigned	0.90	50	8680	8675	8567	108	1.245	0	5	0	8632	5	6	4	500	121350	0	0	205	36	24	5	2	5	15	0	80	4	24	0	/scratch/sk4386/sq2_sinederella_2consensus_20260514/run/Laudakia_wui/run_20260514_143439	/scratch/sk4386/sq2_sinederella_2consensus_20260514/run/Laudakia_wui/run_20260514_143439/step2/step2_output/unassigned.fasta
Lepidodactylus_listeri	sq2_long_gecko_dibamus	0.90	50	87145	86891	76229	10662	12.2705	2	13	239	79373	5	6	4	500	586019	0	4	8331702	472	278	68	26	100	2932	96	540	138	9888	0	/scratch/sk4386/sq2_sinederella_2consensus_20260514/run/Lepidodactylus_listeri/run_20260514_143516	/scratch/sk4386/sq2_sinederella_2consensus_20260514/run/Lepidodactylus_listeri/run_20260514_143516/step2/step2_output/subfamilies/sq2_long_gecko_dibamus_50pct_from_nonsnakes_consensi.fasta
Lepidodactylus_listeri	sq2_short_general	0.90	50	7596	7592	7234	358	4.7155	0	0	4	7433	5	6	4	500	1204	0	0	3135	52	26	8	3	15	47	9	50	7	292	0	/scratch/sk4386/sq2_sinederella_2consensus_20260514/run/Lepidodactylus_listeri/run_20260514_143516	/scratch/sk4386/sq2_sinederella_2consensus_20260514/run/Lepidodactylus_listeri/run_20260514_143516/step2/step2_output/subfamilies/sq2_short_general_50pct_from_nonsnakes_consensi.fasta
Lepidodactylus_listeri	sq2_unassigned	0.90	50	23451	23431	22625	806	3.4399	0	1	19	23180	5	6	4	500	2843	0	0	4543	157	87	24	10	36	49	34	167	57	548	0	/scratch/sk4386/sq2_sinederella_2consensus_20260514/run/Lepidodactylus_listeri/run_20260514_143516	/scratch/sk4386/sq2_sinederella_2consensus_20260514/run/Lepidodactylus_listeri/run_20260514_143516/step2/step2_output/unassigned.fasta
Lepidodactylus_lugubris	sq2_long_gecko_dibamus	0.90	50	112655	111363	104562	6801	6.1071	5	1000	287	111222	5	6	4	500	19848	0	0	16181	3132	3063	30	11	28	128	10	166	60	6565	0	/scratch/sk4386/sq2_sinederella_2consensus_20260514/run/Lepidodactylus_lugubris/run_20260514_143556	/scratch/sk4386/sq2_sinederella_2consensus_20260514/run/Lepidodactylus_lugubris/run_20260514_143556/step2/step2_output/subfamilies/sq2_long_gecko_dibamus_50pct_from_nonsnakes_consensi.fasta
Lepidodactylus_lugubris	sq2_short_general	0.90	50	10929	10827	10361	466	4.3041	0	86	16	10819	5	6	4	500	733	0	0	291	215	205	2	3	5	10	0	13	8	445	0	/scratch/sk4386/sq2_sinederella_2consensus_20260514/run/Lepidodactylus_lugubris/run_20260514_143556	/scratch/sk4386/sq2_sinederella_2consensus_20260514/run/Lepidodactylus_lugubris/run_20260514_143556/step2/step2_output/subfamilies/sq2_short_general_50pct_from_nonsnakes_consensi.fasta
Lepidodactylus_lugubris	sq2_unassigned	0.90	50	35289	34989	33584	1405	4.0155	4	270	26	34949	5	6	4	500	1745	0	0	880	661	630	13	9	9	11	4	55	18	1328	0	/scratch/sk4386/sq2_sinederella_2consensus_20260514/run/Lepidodactylus_lugubris/run_20260514_143556	/scratch/sk4386/sq2_sinederella_2consensus_20260514/run/Lepidodactylus_lugubris/run_20260514_143556/step2/step2_output/unassigned.fasta
Lepidophyma_tuxtlae_AMNHR503212	sq2_long_gecko_dibamus	0.90	50	19689	19671	18756	915	4.6515	9	3	6	19324	5	6	4	500	738813	0	0	844	402	379	10	6	7	24	9	33	0	841	32	/scratch/sk4386/sq2_sinederella_2consensus_20260514/run/Lepidophyma_tuxtlae_AMNHR503212/run_20260514_174544	/scratch/sk4386/sq2_sinederella_2consensus_20260514/run/Lepidophyma_tuxtlae_AMNHR503212/run_20260514_174544/step2/step2_output/subfamilies/sq2_long_gecko_dibamus_50pct_from_nonsnakes_consensi.fasta
Lepidophyma_tuxtlae_AMNHR503212	sq2_short_general	0.90	50	21890	21859	20779	1080	4.9408	9	0	22	21402	5	6	4	500	241	0	0	714	512	487	16	5	4	16	0	58	0	1012	10	/scratch/sk4386/sq2_sinederella_2consensus_20260514/run/Lepidophyma_tuxtlae_AMNHR503212/run_20260514_174544	/scratch/sk4386/sq2_sinederella_2consensus_20260514/run/Lepidophyma_tuxtlae_AMNHR503212/run_20260514_174544/step2/step2_output/subfamilies/sq2_short_general_50pct_from_nonsnakes_consensi.fasta
Lepidophyma_tuxtlae_AMNHR503212	sq2_unassigned	0.90	50	19517	19498	18571	927	4.7543	12	3	4	19154	5	6	4	500	739558	0	0	696	411	383	14	7	7	23	9	51	0	845	22	/scratch/sk4386/sq2_sinederella_2consensus_20260514/run/Lepidophyma_tuxtlae_AMNHR503212/run_20260514_174544	/scratch/sk4386/sq2_sinederella_2consensus_20260514/run/Lepidophyma_tuxtlae_AMNHR503212/run_20260514_174544/step2/step2_output/unassigned.fasta
Lerista_edwardsae	sq2_long_gecko_dibamus	0.90	50	5324	5311	4643	668	12.5777	1	9	3	4984	5	6	4	500	18	0	0	338	333	332	0	1	0	4	0	4	0	664	0	/scratch/sk4386/sq2_sinederella_2consensus_20260514/run/Lerista_edwardsae/run_20260514_143752	/scratch/sk4386/sq2_sinederella_2consensus_20260514/run/Lerista_edwardsae/run_20260514_143752/step2/step2_output/subfamilies/sq2_long_gecko_dibamus_50pct_from_nonsnakes_consensi.fasta
Lerista_edwardsae	sq2_short_general	0.90	50	18188	18131	15841	2290	12.6303	15	28	14	17078	5	6	4	500	605	0	0	1523	1098	1077	6	5	10	21	4	10	0	2276	0	/scratch/sk4386/sq2_sinederella_2consensus_20260514/run/Lerista_edwardsae/run_20260514_143752	/scratch/sk4386/sq2_sinederella_2consensus_20260514/run/Lerista_edwardsae/run_20260514_143752/step2/step2_output/subfamilies/sq2_short_general_50pct_from_nonsnakes_consensi.fasta
Lerista_edwardsae	sq2_unassigned	0.90	50	5634	5615	4824	791	14.0873	5	10	4	5232	5	6	4	500	28	0	0	416	390	384	1	5	0	4	2	4	0	785	0	/scratch/sk4386/sq2_sinederella_2consensus_20260514/run/Lerista_edwardsae/run_20260514_143752	/scratch/sk4386/sq2_sinederella_2consensus_20260514/run/Lerista_edwardsae/run_20260514_143752/step2/step2_output/unassigned.fasta
Lialis_burtonis	sq2_long_gecko_dibamus	0.90	50	44826	44740	37295	7445	16.6406	0	24	62	42058	5	6	4	500	1986	0	0	4748	3593	3481	61	29	22	26	2	4504	2029	720	190	/scratch/sk4386/sq2_sinederella_2consensus_20260514/run/Lialis_burtonis/run_20260514_144404	/scratch/sk4386/sq2_sinederella_2consensus_20260514/run/Lialis_burtonis/run_20260514_144404/step2/step2_output/subfamilies/sq2_long_gecko_dibamus_50pct_from_nonsnakes_consensi.fasta
Lialis_burtonis	sq2_short_general	0.90	50	5536	5531	4630	901	16.29	0	2	3	5211	5	6	4	500	199	0	0	513	439	426	10	1	2	10	0	566	237	73	25	/scratch/sk4386/sq2_sinederella_2consensus_20260514/run/Lialis_burtonis/run_20260514_144404	/scratch/sk4386/sq2_sinederella_2consensus_20260514/run/Lialis_burtonis/run_20260514_144404/step2/step2_output/subfamilies/sq2_short_general_50pct_from_nonsnakes_consensi.fasta
Lialis_burtonis	sq2_unassigned	0.90	50	17655	17638	14822	2816	15.9655	0	5	12	16587	5	6	4	500	555	0	0	1614	1362	1308	34	13	7	8	2	1714	822	235	43	/scratch/sk4386/sq2_sinederella_2consensus_20260514/run/Lialis_burtonis/run_20260514_144404	/scratch/sk4386/sq2_sinederella_2consensus_20260514/run/Lialis_burtonis/run_20260514_144404/step2/step2_output/unassigned.fasta
Liasis_olivaceus	sq2_long_gecko_dibamus	0.90	50	3739	3737	3713	24	0.6422	0	2	0	3718	5	6	4	500	3	0	0	115	3	1	0	0	2	13	0	2	22	0	0	/scratch/sk4386/sq2_sinederella_2consensus_20260514/run/Liasis_olivaceus/run_20260514_144808	/scratch/sk4386/sq2_sinederella_2consensus_20260514/run/Liasis_olivaceus/run_20260514_144808/step2/step2_output/subfamilies/sq2_long_gecko_dibamus_50pct_from_nonsnakes_consensi.fasta
Liasis_olivaceus	sq2_short_general	0.90	50	5729	5722	5569	153	2.6739	0	2	5	5679	5	6	4	500	958	0	0	2005	20	12	3	0	5	49	0	25	0	128	0	/scratch/sk4386/sq2_sinederella_2consensus_20260514/run/Liasis_olivaceus/run_20260514_144808	/scratch/sk4386/sq2_sinederella_2consensus_20260514/run/Liasis_olivaceus/run_20260514_144808/step2/step2_output/subfamilies/sq2_short_general_50pct_from_nonsnakes_consensi.fasta
Liasis_olivaceus	sq2_unassigned	0.90	50	2895	2892	2757	135	4.668	0	0	3	2857	5	6	4	500	952	0	0	1978	14	7	3	0	4	49	0	7	0	128	0	/scratch/sk4386/sq2_sinederella_2consensus_20260514/run/Liasis_olivaceus/run_20260514_144808	/scratch/sk4386/sq2_sinederella_2consensus_20260514/run/Liasis_olivaceus/run_20260514_144808/step2/step2_output/unassigned.fasta
Lichanura_trivirgata	sq2_long_gecko_dibamus	0.90	50	3503	3499	3466	33	0.9431	0	3	1	3486	5	6	4	500	8	0	0	18	16	15	1	0	0	3	0	10	3	20	0	/scratch/sk4386/sq2_sinederella_2consensus_20260514/run/Lichanura_trivirgata/run_20260514_145332	/scratch/sk4386/sq2_sinederella_2consensus_20260514/run/Lichanura_trivirgata/run_20260514_145332/step2/step2_output/subfamilies/sq2_long_gecko_dibamus_50pct_from_nonsnakes_consensi.fasta
Lichanura_trivirgata	sq2_short_general	0.90	50	5272	5267	5212	55	1.0442	0	4	1	5248	5	6	4	500	36	0	0	53	23	20	1	1	1	8	0	17	8	30	0	/scratch/sk4386/sq2_sinederella_2consensus_20260514/run/Lichanura_trivirgata/run_20260514_145332	/scratch/sk4386/sq2_sinederella_2consensus_20260514/run/Lichanura_trivirgata/run_20260514_145332/step2/step2_output/subfamilies/sq2_short_general_50pct_from_nonsnakes_consensi.fasta
Lichanura_trivirgata	sq2_unassigned	0.90	50	2793	2790	2744	46	1.6487	0	3	0	2774	5	6	4	500	20	0	0	34	20	17	1	1	1	5	0	15	4	27	0	/scratch/sk4386/sq2_sinederella_2consensus_20260514/run/Lichanura_trivirgata/run_20260514_145332	/scratch/sk4386/sq2_sinederella_2consensus_20260514/run/Lichanura_trivirgata/run_20260514_145332/step2/step2_output/unassigned.fasta
Loxocemus_bicolor	sq2_long_gecko_dibamus	0.90	50	3626	3625	3603	22	0.6069	0	1	0	3621	5	6	4	500	7	0	0	11	11	11	0	0	0	2	4	8	0	10	0	/scratch/sk4386/sq2_sinederella_2consensus_20260514/run/Loxocemus_bicolor/run_20260514_145850	/scratch/sk4386/sq2_sinederella_2consensus_20260514/run/Loxocemus_bicolor/run_20260514_145850/step2/step2_output/subfamilies/sq2_long_gecko_dibamus_50pct_from_nonsnakes_consensi.fasta
Loxocemus_bicolor	sq2_short_general	0.90	50	5552	5548	5517	31	0.5588	0	0	4	5539	5	6	4	500	39	0	0	44	10	8	1	0	1	12	0	9	12	10	0	/scratch/sk4386/sq2_sinederella_2consensus_20260514/run/Loxocemus_bicolor/run_20260514_145850	/scratch/sk4386/sq2_sinederella_2consensus_20260514/run/Loxocemus_bicolor/run_20260514_145850/step2/step2_output/subfamilies/sq2_short_general_50pct_from_nonsnakes_consensi.fasta
Loxocemus_bicolor	sq2_unassigned	0.90	50	2895	2894	2880	14	0.4838	0	1	0	2891	5	6	4	500	4	0	0	7	7	7	0	0	0	2	2	6	0	6	0	/scratch/sk4386/sq2_sinederella_2consensus_20260514/run/Loxocemus_bicolor/run_20260514_145850	/scratch/sk4386/sq2_sinederella_2consensus_20260514/run/Loxocemus_bicolor/run_20260514_145850/step2/step2_output/unassigned.fasta
Loxocemus_bicolor_amplify_assembly	sq2_long_gecko_dibamus	0.90	50	3649	3648	3626	22	0.6031	0	1	0	3644	5	6	4	500	7	0	0	11	11	11	0	0	0	2	4	8	0	10	0	/scratch/sk4386/sq2_sinederella_2consensus_20260514/run/Loxocemus_bicolor_amplify_assembly/run_20260514_174701	/scratch/sk4386/sq2_sinederella_2consensus_20260514/run/Loxocemus_bicolor_amplify_assembly/run_20260514_174701/step2/step2_output/subfamilies/sq2_long_gecko_dibamus_50pct_from_nonsnakes_consensi.fasta
Loxocemus_bicolor_amplify_assembly	sq2_short_general	0.90	50	5482	5478	5447	31	0.5659	0	0	4	5469	5	6	4	500	39	0	0	44	10	8	1	0	1	12	0	9	12	10	0	/scratch/sk4386/sq2_sinederella_2consensus_20260514/run/Loxocemus_bicolor_amplify_assembly/run_20260514_174701	/scratch/sk4386/sq2_sinederella_2consensus_20260514/run/Loxocemus_bicolor_amplify_assembly/run_20260514_174701/step2/step2_output/subfamilies/sq2_short_general_50pct_from_nonsnakes_consensi.fasta
Loxocemus_bicolor_amplify_assembly	sq2_unassigned	0.90	50	2869	2868	2854	14	0.4881	0	1	0	2865	5	6	4	500	4	0	0	7	7	7	0	0	0	2	2	6	0	6	0	/scratch/sk4386/sq2_sinederella_2consensus_20260514/run/Loxocemus_bicolor_amplify_assembly/run_20260514_174701	/scratch/sk4386/sq2_sinederella_2consensus_20260514/run/Loxocemus_bicolor_amplify_assembly/run_20260514_174701/step2/step2_output/unassigned.fasta
Mabuya_mabouya	sq2_long_gecko_dibamus	0.90	50	6133	6131	6045	86	1.4027	0	0	2	6098	5	6	4	500	46	0	0	82	35	29	2	1	3	6	0	25	6	48	7	/scratch/sk4386/sq2_sinederella_2consensus_20260514/run/Mabuya_mabouya/run_20260514_174802	/scratch/sk4386/sq2_sinederella_2consensus_20260514/run/Mabuya_mabouya/run_20260514_174802/step2/step2_output/subfamilies/sq2_long_gecko_dibamus_50pct_from_nonsnakes_consensi.fasta
Mabuya_mabouya	sq2_short_general	0.90	50	19041	19012	18747	265	1.3939	0	0	29	18904	5	6	4	500	84	0	0	301	110	94	7	5	4	11	0	76	22	130	37	/scratch/sk4386/sq2_sinederella_2consensus_20260514/run/Mabuya_mabouya/run_20260514_174802	/scratch/sk4386/sq2_sinederella_2consensus_20260514/run/Mabuya_mabouya/run_20260514_174802/step2/step2_output/subfamilies/sq2_short_general_50pct_from_nonsnakes_consensi.fasta
Mabuya_mabouya	sq2_unassigned	0.90	50	7640	7636	7486	150	1.9644	0	0	4	7579	5	6	4	500	116	0	0	156	56	41	5	4	6	9	0	55	0	69	26	/scratch/sk4386/sq2_sinederella_2consensus_20260514/run/Mabuya_mabouya/run_20260514_174802	/scratch/sk4386/sq2_sinederella_2consensus_20260514/run/Mabuya_mabouya/run_20260514_174802/step2/step2_output/unassigned.fasta
Malayopython_reticulatus	sq2_long_gecko_dibamus	0.90	50	3282	3276	3276	0	0.0	2	4	0	3276	5	6	4	500	0	0	0	0	0	0	0	0	0	0	0	0	0	0	0	/scratch/sk4386/sq2_sinederella_2consensus_20260514/run/Malayopython_reticulatus/run_20260514_145901	/scratch/sk4386/sq2_sinederella_2consensus_20260514/run/Malayopython_reticulatus/run_20260514_145901/step2/step2_output/subfamilies/sq2_long_gecko_dibamus_50pct_from_nonsnakes_consensi.fasta
Malayopython_reticulatus	sq2_short_general	0.90	50	5242	5225	5223	2	0.0383	5	11	1	5225	5	6	4	500	1	0	0	1	1	1	0	0	0	2	0	0	0	2	0	/scratch/sk4386/sq2_sinederella_2consensus_20260514/run/Malayopython_reticulatus/run_20260514_145901	/scratch/sk4386/sq2_sinederella_2consensus_20260514/run/Malayopython_reticulatus/run_20260514_145901/step2/step2_output/subfamilies/sq2_short_general_50pct_from_nonsnakes_consensi.fasta
Malayopython_reticulatus	sq2_unassigned	0.90	50	2020	2017	2017	0	0.0	2	1	0	2017	5	6	4	500	0	0	0	0	0	0	0	0	0	0	0	0	0	0	0	/scratch/sk4386/sq2_sinederella_2consensus_20260514/run/Malayopython_reticulatus/run_20260514_145901	/scratch/sk4386/sq2_sinederella_2consensus_20260514/run/Malayopython_reticulatus/run_20260514_145901/step2/step2_output/unassigned.fasta
Marisora_unimarginata	sq2_long_gecko_dibamus	0.90	50	9877	9162	9160	2	0.0218	686	25	4	9162	5	6	4	500	3	0	0	1	1	1	0	0	0	2	0	0	0	2	0	/scratch/sk4386/sq2_sinederella_2consensus_20260514/run/Marisora_unimarginata/run_20260514_145958	/scratch/sk4386/sq2_sinederella_2consensus_20260514/run/Marisora_unimarginata/run_20260514_145958/step2/step2_output/subfamilies/sq2_long_gecko_dibamus_50pct_from_nonsnakes_consensi.fasta
Marisora_unimarginata	sq2_short_general	0.90	50	30670	29966	29941	25	0.0834	567	91	46	29966	5	6	4	500	25	0	0	13	12	11	1	0	0	3	2	0	0	23	0	/scratch/sk4386/sq2_sinederella_2consensus_20260514/run/Marisora_unimarginata/run_20260514_145958	/scratch/sk4386/sq2_sinederella_2consensus_20260514/run/Marisora_unimarginata/run_20260514_145958/step2/step2_output/subfamilies/sq2_short_general_50pct_from_nonsnakes_consensi.fasta
Marisora_unimarginata	sq2_unassigned	0.90	50	9678	9253	9245	8	0.0865	376	37	12	9253	5	6	4	500	5	0	0	4	4	4	0	0	0	2	0	0	0	8	0	/scratch/sk4386/sq2_sinederella_2consensus_20260514/run/Marisora_unimarginata/run_20260514_145958	/scratch/sk4386/sq2_sinederella_2consensus_20260514/run/Marisora_unimarginata/run_20260514_145958/step2/step2_output/unassigned.fasta
Mediodactylus_kotschyi	sq2_long_gecko_dibamus	0.90	50	46531	46414	45795	619	1.3336	1	10	106	46082	5	6	4	500	586	0	0	3798	134	78	22	9	25	42	31	219	103	266	0	/scratch/sk4386/sq2_sinederella_2consensus_20260514/run/Mediodactylus_kotschyi/run_20260514_150249	/scratch/sk4386/sq2_sinederella_2consensus_20260514/run/Mediodactylus_kotschyi/run_20260514_150249/step2/step2_output/subfamilies/sq2_long_gecko_dibamus_50pct_from_nonsnakes_consensi.fasta
Mediodactylus_kotschyi	sq2_short_general	0.90	50	5431	5427	5317	110	2.0269	0	3	1	5351	5	6	4	500	144	0	0	383	25	13	4	0	8	17	9	16	28	57	0	/scratch/sk4386/sq2_sinederella_2consensus_20260514/run/Mediodactylus_kotschyi/run_20260514_150249	/scratch/sk4386/sq2_sinederella_2consensus_20260514/run/Mediodactylus_kotschyi/run_20260514_150249/step2/step2_output/subfamilies/sq2_short_general_50pct_from_nonsnakes_consensi.fasta
Mediodactylus_kotschyi	sq2_unassigned	0.90	50	16567	16547	16244	303	1.8311	0	4	16	16346	5	6	4	500	283	0	0	1400	66	37	11	4	14	26	17	70	50	166	0	/scratch/sk4386/sq2_sinederella_2consensus_20260514/run/Mediodactylus_kotschyi/run_20260514_150249	/scratch/sk4386/sq2_sinederella_2consensus_20260514/run/Mediodactylus_kotschyi/run_20260514_150249/step2/step2_output/unassigned.fasta
Morelia_carinata	sq2_long_gecko_dibamus	0.90	50	3053	3048	3048	0	0.0	4	1	0	3048	5	6	4	500	0	0	0	0	0	0	0	0	0	0	0	0	0	0	0	/scratch/sk4386/sq2_sinederella_2consensus_20260514/run/Morelia_carinata/run_20260514_150301	/scratch/sk4386/sq2_sinederella_2consensus_20260514/run/Morelia_carinata/run_20260514_150301/step2/step2_output/subfamilies/sq2_long_gecko_dibamus_50pct_from_nonsnakes_consensi.fasta
Morelia_carinata	sq2_short_general	0.90	50	4855	4846	4844	2	0.0413	5	3	1	4846	5	6	4	500	1	0	0	1	1	1	0	0	0	2	0	2	0	0	0	/scratch/sk4386/sq2_sinederella_2consensus_20260514/run/Morelia_carinata/run_20260514_150301	/scratch/sk4386/sq2_sinederella_2consensus_20260514/run/Morelia_carinata/run_20260514_150301/step2/step2_output/subfamilies/sq2_short_general_50pct_from_nonsnakes_consensi.fasta
Morelia_carinata	sq2_unassigned	0.90	50	1822	1820	1820	0	0.0	2	0	0	1820	5	6	4	500	0	0	0	0	0	0	0	0	0	0	0	0	0	0	0	/scratch/sk4386/sq2_sinederella_2consensus_20260514/run/Morelia_carinata/run_20260514_150301	/scratch/sk4386/sq2_sinederella_2consensus_20260514/run/Morelia_carinata/run_20260514_150301/step2/step2_output/unassigned.fasta
Morelia_viridis	sq2_long_gecko_dibamus	0.90	50	3553	3528	3528	0	0.0	4	21	0	3528	5	6	4	500	0	0	0	0	0	0	0	0	0	0	0	0	0	0	0	/scratch/sk4386/sq2_sinederella_2consensus_20260514/run/Morelia_viridis/run_20260514_150304	/scratch/sk4386/sq2_sinederella_2consensus_20260514/run/Morelia_viridis/run_20260514_150304/step2/step2_output/subfamilies/sq2_long_gecko_dibamus_50pct_from_nonsnakes_consensi.fasta
Morelia_viridis	sq2_short_general	0.90	50	5470	5432	5428	4	0.0736	6	31	1	5432	5	6	4	500	2	0	0	2	2	2	0	0	0	2	0	2	0	2	0	/scratch/sk4386/sq2_sinederella_2consensus_20260514/run/Morelia_viridis/run_20260514_150304	/scratch/sk4386/sq2_sinederella_2consensus_20260514/run/Morelia_viridis/run_20260514_150304/step2/step2_output/subfamilies/sq2_short_general_50pct_from_nonsnakes_consensi.fasta
Morelia_viridis	sq2_unassigned	0.90	50	2938	2912	2912	0	0.0	5	21	0	2912	5	6	4	500	0	0	0	0	0	0	0	0	0	0	0	0	0	0	0	/scratch/sk4386/sq2_sinederella_2consensus_20260514/run/Morelia_viridis/run_20260514_150304	/scratch/sk4386/sq2_sinederella_2consensus_20260514/run/Morelia_viridis/run_20260514_150304/step2/step2_output/unassigned.fasta
Myanophis_thanlyinensis	sq2_long_gecko_dibamus	0.90	50	822	811	809	2	0.2466	10	1	0	811	5	6	4	500	1	0	0	1	1	1	0	0	0	2	0	0	0	2	0	/scratch/sk4386/sq2_sinederella_2consensus_20260514/run/Myanophis_thanlyinensis/run_20260514_150741	/scratch/sk4386/sq2_sinederella_2consensus_20260514/run/Myanophis_thanlyinensis/run_20260514_150741/step2/step2_output/subfamilies/sq2_long_gecko_dibamus_50pct_from_nonsnakes_consensi.fasta
Myanophis_thanlyinensis	sq2_short_general	0.90	50	1426	1407	1405	2	0.1421	18	1	0	1407	5	6	4	500	1	0	0	1	1	1	0	0	0	2	0	0	0	2	0	/scratch/sk4386/sq2_sinederella_2consensus_20260514/run/Myanophis_thanlyinensis/run_20260514_150741	/scratch/sk4386/sq2_sinederella_2consensus_20260514/run/Myanophis_thanlyinensis/run_20260514_150741/step2/step2_output/subfamilies/sq2_short_general_50pct_from_nonsnakes_consensi.fasta
Myanophis_thanlyinensis	sq2_unassigned	0.90	50	527	516	514	2	0.3876	11	0	0	516	5	6	4	500	1	0	0	1	1	1	0	0	0	2	0	0	0	2	0	/scratch/sk4386/sq2_sinederella_2consensus_20260514/run/Myanophis_thanlyinensis/run_20260514_150741	/scratch/sk4386/sq2_sinederella_2consensus_20260514/run/Myanophis_thanlyinensis/run_20260514_150741/step2/step2_output/unassigned.fasta
Naja_naja	sq2_long_gecko_dibamus	0.90	50	335	334	322	12	3.5928	0	1	0	328	5	6	4	500	4	0	0	6	6	6	0	0	0	2	0	12	0	0	0	/scratch/sk4386/sq2_sinederella_2consensus_20260514/run/Naja_naja/run_20260514_150749	/scratch/sk4386/sq2_sinederella_2consensus_20260514/run/Naja_naja/run_20260514_150749/step2/step2_output/subfamilies/sq2_long_gecko_dibamus_50pct_from_nonsnakes_consensi.fasta
Naja_naja	sq2_short_general	0.90	50	714	714	700	14	1.9608	0	0	0	709	5	6	4	500	9	0	0	10	6	4	2	0	0	3	0	11	0	3	0	/scratch/sk4386/sq2_sinederella_2consensus_20260514/run/Naja_naja/run_20260514_150749	/scratch/sk4386/sq2_sinederella_2consensus_20260514/run/Naja_naja/run_20260514_150749/step2/step2_output/subfamilies/sq2_short_general_50pct_from_nonsnakes_consensi.fasta
Naja_naja	sq2_unassigned	0.90	50	33	33	33	0	0.0	0	0	0	33	5	6	4	500	0	0	0	0	0	0	0	0	0	0	0	0	0	0	0	/scratch/sk4386/sq2_sinederella_2consensus_20260514/run/Naja_naja/run_20260514_150749	/scratch/sk4386/sq2_sinederella_2consensus_20260514/run/Naja_naja/run_20260514_150749/step2/step2_output/unassigned.fasta
Nephrurus_levis	sq2_long_gecko_dibamus	0.90	50	30840	30778	30226	552	1.7935	13	13	36	30643	5	6	4	500	1519	0	0	319	263	246	13	2	2	8	8	279	4	238	23	/scratch/sk4386/sq2_sinederella_2consensus_20260514/run/Nephrurus_levis/run_20260514_151014	/scratch/sk4386/sq2_sinederella_2consensus_20260514/run/Nephrurus_levis/run_20260514_151014/step2/step2_output/subfamilies/sq2_long_gecko_dibamus_50pct_from_nonsnakes_consensi.fasta
Nephrurus_levis	sq2_short_general	0.90	50	4757	4753	4685	68	1.4307	0	3	1	4737	5	6	4	500	269	0	0	34	34	34	0	0	0	2	0	44	0	24	0	/scratch/sk4386/sq2_sinederella_2consensus_20260514/run/Nephrurus_levis/run_20260514_151014	/scratch/sk4386/sq2_sinederella_2consensus_20260514/run/Nephrurus_levis/run_20260514_151014/step2/step2_output/subfamilies/sq2_short_general_50pct_from_nonsnakes_consensi.fasta
Nephrurus_levis	sq2_unassigned	0.90	50	14515	14497	14231	266	1.8349	5	7	6	14417	5	6	4	500	3047	0	0	146	129	122	6	1	0	4	2	153	4	102	5	/scratch/sk4386/sq2_sinederella_2consensus_20260514/run/Nephrurus_levis/run_20260514_151014	/scratch/sk4386/sq2_sinederella_2consensus_20260514/run/Nephrurus_levis/run_20260514_151014/step2/step2_output/unassigned.fasta
Oplurus_cyclurus	sq2_long_gecko_dibamus	0.90	50	7036	7032	6776	256	3.6405	1	1	2	6940	5	6	4	500	562	0	0	170	119	109	6	2	2	7	0	18	0	227	11	/scratch/sk4386/sq2_sinederella_2consensus_20260514/run/Oplurus_cyclurus/run_20260514_175217	/scratch/sk4386/sq2_sinederella_2consensus_20260514/run/Oplurus_cyclurus/run_20260514_175217/step2/step2_output/subfamilies/sq2_long_gecko_dibamus_50pct_from_nonsnakes_consensi.fasta
Oplurus_cyclurus	sq2_short_general	0.90	50	13575	13564	13165	399	2.9416	0	5	6	13438	5	6	4	500	3329	0	0	340	179	167	4	2	6	9	0	29	0	349	21	/scratch/sk4386/sq2_sinederella_2consensus_20260514/run/Oplurus_cyclurus/run_20260514_175217	/scratch/sk4386/sq2_sinederella_2consensus_20260514/run/Oplurus_cyclurus/run_20260514_175217/step2/step2_output/subfamilies/sq2_short_general_50pct_from_nonsnakes_consensi.fasta
Oplurus_cyclurus	sq2_unassigned	0.90	50	11031	11027	10661	366	3.3191	1	3	0	10903	5	6	4	500	4480	0	0	320	162	145	10	3	4	9	0	25	0	319	22	/scratch/sk4386/sq2_sinederella_2consensus_20260514/run/Oplurus_cyclurus/run_20260514_175217	/scratch/sk4386/sq2_sinederella_2consensus_20260514/run/Oplurus_cyclurus/run_20260514_175217/step2/step2_output/unassigned.fasta
Paroedura_picta	sq2_long_gecko_dibamus	0.90	50	35744	35662	35022	640	1.7946	1	6	75	35487	5	6	4	500	2462	0	0	4921	173	131	16	9	17	78	25	221	233	161	0	/scratch/sk4386/sq2_sinederella_2consensus_20260514/run/Paroedura_picta/run_20260514_151045	/scratch/sk4386/sq2_sinederella_2consensus_20260514/run/Paroedura_picta/run_20260514_151045/step2/step2_output/subfamilies/sq2_long_gecko_dibamus_50pct_from_nonsnakes_consensi.fasta
Paroedura_picta	sq2_short_general	0.90	50	3895	3893	3861	32	0.822	0	1	1	3887	5	6	4	500	24	0	0	19	15	13	2	0	0	3	6	15	9	2	0	/scratch/sk4386/sq2_sinederella_2consensus_20260514/run/Paroedura_picta/run_20260514_151045	/scratch/sk4386/sq2_sinederella_2consensus_20260514/run/Paroedura_picta/run_20260514_151045/step2/step2_output/subfamilies/sq2_short_general_50pct_from_nonsnakes_consensi.fasta
Paroedura_picta	sq2_unassigned	0.90	50	12830	12819	12667	152	1.1857	0	0	11	12791	5	6	4	500	222	0	0	168	58	46	7	1	4	12	8	73	52	19	0	/scratch/sk4386/sq2_sinederella_2consensus_20260514/run/Paroedura_picta/run_20260514_151045	/scratch/sk4386/sq2_sinederella_2consensus_20260514/run/Paroedura_picta/run_20260514_151045/step2/step2_output/unassigned.fasta
Paroedura_stumpffi	sq2_long_gecko_dibamus	0.90	50	43235	43090	42206	884	2.0515	4	15	126	42887	5	6	4	500	4048	0	0	5880	226	158	24	10	34	78	70	282	151	359	22	/scratch/sk4386/sq2_sinederella_2consensus_20260514/run/Paroedura_stumpffi/run_20260514_151546	/scratch/sk4386/sq2_sinederella_2consensus_20260514/run/Paroedura_stumpffi/run_20260514_151546/step2/step2_output/subfamilies/sq2_long_gecko_dibamus_50pct_from_nonsnakes_consensi.fasta
Paroedura_stumpffi	sq2_short_general	0.90	50	4366	4362	4156	206	4.7226	1	0	3	4335	5	6	4	500	763	0	0	566	43	20	9	0	14	20	7	30	49	50	70	/scratch/sk4386/sq2_sinederella_2consensus_20260514/run/Paroedura_stumpffi/run_20260514_151546	/scratch/sk4386/sq2_sinederella_2consensus_20260514/run/Paroedura_stumpffi/run_20260514_151546/step2/step2_output/subfamilies/sq2_short_general_50pct_from_nonsnakes_consensi.fasta
Paroedura_stumpffi	sq2_unassigned	0.90	50	14860	14842	14440	402	2.7085	4	2	12	14787	5	6	4	500	1686	0	0	1236	86	48	14	2	22	29	13	78	148	88	75	/scratch/sk4386/sq2_sinederella_2consensus_20260514/run/Paroedura_stumpffi/run_20260514_151546	/scratch/sk4386/sq2_sinederella_2consensus_20260514/run/Paroedura_stumpffi/run_20260514_151546/step2/step2_output/unassigned.fasta
Petracola_ventrimaculatus	sq2_long_gecko_dibamus	0.90	50	1710	1710	1534	176	10.2924	0	0	0	1647	5	6	4	500	162	0	0	95	86	83	2	1	0	4	4	16	0	150	6	/scratch/sk4386/sq2_sinederella_2consensus_20260514/run/Petracola_ventrimaculatus/run_20260514_175237	/scratch/sk4386/sq2_sinederella_2consensus_20260514/run/Petracola_ventrimaculatus/run_20260514_175237/step2/step2_output/subfamilies/sq2_long_gecko_dibamus_50pct_from_nonsnakes_consensi.fasta
Petracola_ventrimaculatus	sq2_short_general	0.90	50	2734	2732	2428	304	11.1274	0	2	0	2627	5	6	4	500	54	0	0	156	151	150	0	1	0	4	4	8	0	276	16	/scratch/sk4386/sq2_sinederella_2consensus_20260514/run/Petracola_ventrimaculatus/run_20260514_175237	/scratch/sk4386/sq2_sinederella_2consensus_20260514/run/Petracola_ventrimaculatus/run_20260514_175237/step2/step2_output/subfamilies/sq2_short_general_50pct_from_nonsnakes_consensi.fasta
Petracola_ventrimaculatus	sq2_unassigned	0.90	50	2679	2677	2426	251	9.3762	0	2	0	2585	5	6	4	500	164	0	0	131	124	122	1	1	0	4	6	13	0	226	6	/scratch/sk4386/sq2_sinederella_2consensus_20260514/run/Petracola_ventrimaculatus/run_20260514_175237	/scratch/sk4386/sq2_sinederella_2consensus_20260514/run/Petracola_ventrimaculatus/run_20260514_175237/step2/step2_output/unassigned.fasta
Phelsuma_laticauda	sq2_long_gecko_dibamus	0.90	50	59951	59762	59205	557	0.932	0	34	155	59631	5	6	4	500	412	0	0	473	244	210	21	7	6	11	46	255	23	202	31	/scratch/sk4386/sq2_sinederella_2consensus_20260514/run/Phelsuma_laticauda/run_20260514_152242	/scratch/sk4386/sq2_sinederella_2consensus_20260514/run/Phelsuma_laticauda/run_20260514_152242/step2/step2_output/subfamilies/sq2_long_gecko_dibamus_50pct_from_nonsnakes_consensi.fasta
Phelsuma_laticauda	sq2_short_general	0.90	50	5874	5870	5758	112	1.908	0	2	2	5845	5	6	4	500	216	0	0	113	40	31	2	3	4	10	6	52	2	30	22	/scratch/sk4386/sq2_sinederella_2consensus_20260514/run/Phelsuma_laticauda/run_20260514_152242	/scratch/sk4386/sq2_sinederella_2consensus_20260514/run/Phelsuma_laticauda/run_20260514_152242/step2/step2_output/subfamilies/sq2_short_general_50pct_from_nonsnakes_consensi.fasta
Phelsuma_laticauda	sq2_unassigned	0.90	50	19472	19444	19250	194	0.9977	0	11	17	19398	5	6	4	500	329	0	0	170	74	56	8	5	5	11	10	80	2	67	35	/scratch/sk4386/sq2_sinederella_2consensus_20260514/run/Phelsuma_laticauda/run_20260514_152242	/scratch/sk4386/sq2_sinederella_2consensus_20260514/run/Phelsuma_laticauda/run_20260514_152242/step2/step2_output/unassigned.fasta
Pholidobolus_sp	sq2_long_gecko_dibamus	0.90	50	1718	1717	1651	66	3.8439	0	1	0	1692	5	6	4	500	74	0	0	33	33	33	0	0	0	2	0	4	0	62	0	/scratch/sk4386/sq2_sinederella_2consensus_20260514/run/Pholidobolus_sp/run_20260514_175633	/scratch/sk4386/sq2_sinederella_2consensus_20260514/run/Pholidobolus_sp/run_20260514_175633/step2/step2_output/subfamilies/sq2_long_gecko_dibamus_50pct_from_nonsnakes_consensi.fasta
Pholidobolus_sp	sq2_short_general	0.90	50	2594	2594	2477	117	4.5104	0	0	0	2544	5	6	4	500	11	0	0	60	58	57	1	0	0	3	2	4	0	111	0	/scratch/sk4386/sq2_sinederella_2consensus_20260514/run/Pholidobolus_sp/run_20260514_175633	/scratch/sk4386/sq2_sinederella_2consensus_20260514/run/Pholidobolus_sp/run_20260514_175633/step2/step2_output/subfamilies/sq2_short_general_50pct_from_nonsnakes_consensi.fasta
Pholidobolus_sp	sq2_unassigned	0.90	50	2410	2409	2318	91	3.7775	0	1	0	2374	5	6	4	500	70	0	0	47	45	44	1	0	0	3	0	6	0	85	0	/scratch/sk4386/sq2_sinederella_2consensus_20260514/run/Pholidobolus_sp/run_20260514_175633	/scratch/sk4386/sq2_sinederella_2consensus_20260514/run/Pholidobolus_sp/run_20260514_175633/step2/step2_output/unassigned.fasta
Phyllodactylus_wirshingi	sq2_long_gecko_dibamus	0.90	50	56888	56771	54520	2251	3.9651	0	6	111	56029	5	6	4	500	5134	0	0	9226	896	829	27	19	21	84	16	369	35	1407	424	/scratch/sk4386/sq2_sinederella_2consensus_20260514/run/Phyllodactylus_wirshingi/run_20260514_153315	/scratch/sk4386/sq2_sinederella_2consensus_20260514/run/Phyllodactylus_wirshingi/run_20260514_153315/step2/step2_output/subfamilies/sq2_long_gecko_dibamus_50pct_from_nonsnakes_consensi.fasta
Phyllodactylus_wirshingi	sq2_short_general	0.90	50	5397	5392	5162	230	4.2656	0	0	5	5319	5	6	4	500	601	0	0	876	65	52	3	0	10	25	2	22	0	95	111	/scratch/sk4386/sq2_sinederella_2consensus_20260514/run/Phyllodactylus_wirshingi/run_20260514_153315	/scratch/sk4386/sq2_sinederella_2consensus_20260514/run/Phyllodactylus_wirshingi/run_20260514_153315/step2/step2_output/subfamilies/sq2_short_general_50pct_from_nonsnakes_consensi.fasta
Phyllodactylus_wirshingi	sq2_unassigned	0.90	50	18487	18474	17738	736	3.984	0	2	11	18220	5	6	4	500	420	0	0	834	314	281	14	9	10	17	2	142	8	492	92	/scratch/sk4386/sq2_sinederella_2consensus_20260514/run/Phyllodactylus_wirshingi/run_20260514_153315	/scratch/sk4386/sq2_sinederella_2consensus_20260514/run/Phyllodactylus_wirshingi/run_20260514_153315/step2/step2_output/unassigned.fasta
Podarcis_cretensis	sq2_long_gecko_dibamus	0.90	50	8726	8708	8680	28	0.3215	0	3	15	8700	5	6	4	500	17	0	0	17	13	11	2	0	0	3	2	21	0	5	0	/scratch/sk4386/sq2_sinederella_2consensus_20260514/run/Podarcis_cretensis/run_20260514_153534	/scratch/sk4386/sq2_sinederella_2consensus_20260514/run/Podarcis_cretensis/run_20260514_153534/step2/step2_output/subfamilies/sq2_long_gecko_dibamus_50pct_from_nonsnakes_consensi.fasta
Podarcis_cretensis	sq2_short_general	0.90	50	36648	36552	36343	209	0.5718	0	3	93	36490	5	6	4	500	148	0	0	241	82	61	13	4	4	11	4	153	10	42	0	/scratch/sk4386/sq2_sinederella_2consensus_20260514/run/Podarcis_cretensis/run_20260514_153534	/scratch/sk4386/sq2_sinederella_2consensus_20260514/run/Podarcis_cretensis/run_20260514_153534/step2/step2_output/subfamilies/sq2_short_general_50pct_from_nonsnakes_consensi.fasta
Podarcis_cretensis	sq2_unassigned	0.90	50	10803	10791	10704	87	0.8062	0	0	12	10763	5	6	4	500	50	0	0	81	35	24	8	2	1	7	2	66	4	15	0	/scratch/sk4386/sq2_sinederella_2consensus_20260514/run/Podarcis_cretensis/run_20260514_153534	/scratch/sk4386/sq2_sinederella_2consensus_20260514/run/Podarcis_cretensis/run_20260514_153534/step2/step2_output/unassigned.fasta
Podarcis_lilfordi	sq2_long_gecko_dibamus	0.90	50	9212	9198	9153	45	0.4892	0	2	12	9185	5	6	4	500	20	0	0	34	19	13	5	1	0	4	2	29	0	14	0	/scratch/sk4386/sq2_sinederella_2consensus_20260514/run/Podarcis_lilfordi/run_20260514_154625	/scratch/sk4386/sq2_sinederella_2consensus_20260514/run/Podarcis_lilfordi/run_20260514_154625/step2/step2_output/subfamilies/sq2_long_gecko_dibamus_50pct_from_nonsnakes_consensi.fasta
Podarcis_lilfordi	sq2_short_general	0.90	50	37557	37430	37181	249	0.6652	0	5	122	37385	5	6	4	500	180	0	0	201	110	96	9	1	4	7	6	115	4	124	0	/scratch/sk4386/sq2_sinederella_2consensus_20260514/run/Podarcis_lilfordi/run_20260514_154625	/scratch/sk4386/sq2_sinederella_2consensus_20260514/run/Podarcis_lilfordi/run_20260514_154625/step2/step2_output/subfamilies/sq2_short_general_50pct_from_nonsnakes_consensi.fasta
Podarcis_lilfordi	sq2_unassigned	0.90	50	10714	10703	10629	74	0.6914	1	1	9	10691	5	6	4	500	58	0	0	57	32	26	3	2	1	5	2	41	2	29	0	/scratch/sk4386/sq2_sinederella_2consensus_20260514/run/Podarcis_lilfordi/run_20260514_154625	/scratch/sk4386/sq2_sinederella_2consensus_20260514/run/Podarcis_lilfordi/run_20260514_154625/step2/step2_output/unassigned.fasta
Podarcis_muralis	sq2_long_gecko_dibamus	0.90	50	9089	9063	8646	417	4.6011	1	6	19	8901	5	6	4	500	91	0	0	237	200	185	14	0	1	5	0	273	6	138	0	/scratch/sk4386/sq2_sinederella_2consensus_20260514/run/Podarcis_muralis/run_20260514_154959	/scratch/sk4386/sq2_sinederella_2consensus_20260514/run/Podarcis_muralis/run_20260514_154959/step2/step2_output/subfamilies/sq2_long_gecko_dibamus_50pct_from_nonsnakes_consensi.fasta
Podarcis_muralis	sq2_short_general	0.90	50	38358	38220	36204	2016	5.2747	6	15	117	37491	5	6	4	500	664	0	0	1537	926	854	48	7	17	11	6	1365	18	627	0	/scratch/sk4386/sq2_sinederella_2consensus_20260514/run/Podarcis_muralis/run_20260514_154959	/scratch/sk4386/sq2_sinederella_2consensus_20260514/run/Podarcis_muralis/run_20260514_154959/step2/step2_output/subfamilies/sq2_short_general_50pct_from_nonsnakes_consensi.fasta
Podarcis_muralis	sq2_unassigned	0.90	50	11145	11127	10552	575	5.1676	3	5	10	10943	5	6	4	500	177	0	0	320	278	263	12	2	1	5	0	391	14	170	0	/scratch/sk4386/sq2_sinederella_2consensus_20260514/run/Podarcis_muralis/run_20260514_154959	/scratch/sk4386/sq2_sinederella_2consensus_20260514/run/Podarcis_muralis/run_20260514_154959/step2/step2_output/unassigned.fasta
Pogona_vitticeps	sq2_long_gecko_dibamus	0.90	50	4974	4968	4953	15	0.3019	0	4	2	4964	5	6	4	500	23	0	0	9	7	6	1	0	0	3	0	8	0	7	0	/scratch/sk4386/sq2_sinederella_2consensus_20260514/run/Pogona_vitticeps/run_20260514_155133	/scratch/sk4386/sq2_sinederella_2consensus_20260514/run/Pogona_vitticeps/run_20260514_155133/step2/step2_output/subfamilies/sq2_long_gecko_dibamus_50pct_from_nonsnakes_consensi.fasta
Pogona_vitticeps	sq2_short_general	0.90	50	9670	9656	9614	42	0.435	0	10	4	9648	5	6	4	500	59	0	0	42	17	14	1	0	2	6	2	29	4	7	0	/scratch/sk4386/sq2_sinederella_2consensus_20260514/run/Pogona_vitticeps/run_20260514_155133	/scratch/sk4386/sq2_sinederella_2consensus_20260514/run/Pogona_vitticeps/run_20260514_155133/step2/step2_output/subfamilies/sq2_short_general_50pct_from_nonsnakes_consensi.fasta
Pogona_vitticeps	sq2_unassigned	0.90	50	4624	4620	4597	23	0.4978	0	4	0	4612	5	6	4	500	25	0	0	25	9	7	1	0	1	6	0	14	0	9	0	/scratch/sk4386/sq2_sinederella_2consensus_20260514/run/Pogona_vitticeps/run_20260514_155133	/scratch/sk4386/sq2_sinederella_2consensus_20260514/run/Pogona_vitticeps/run_20260514_155133/step2/step2_output/unassigned.fasta
Pygopus_nigriceps	sq2_long_gecko_dibamus	0.90	50	41744	41637	39281	2356	5.6584	9	25	73	41164	5	6	4	500	2063	0	0	2554	988	854	58	32	44	24	6	1448	49	785	68	/scratch/sk4386/sq2_sinederella_2consensus_20260514/run/Pygopus_nigriceps/run_20260514_155226	/scratch/sk4386/sq2_sinederella_2consensus_20260514/run/Pygopus_nigriceps/run_20260514_155226/step2/step2_output/subfamilies/sq2_long_gecko_dibamus_50pct_from_nonsnakes_consensi.fasta
Pygopus_nigriceps	sq2_short_general	0.90	50	4756	4739	4472	267	5.6341	6	4	7	4686	5	6	4	500	229	0	0	205	118	104	8	1	5	8	2	169	2	77	17	/scratch/sk4386/sq2_sinederella_2consensus_20260514/run/Pygopus_nigriceps/run_20260514_155226	/scratch/sk4386/sq2_sinederella_2consensus_20260514/run/Pygopus_nigriceps/run_20260514_155226/step2/step2_output/subfamilies/sq2_short_general_50pct_from_nonsnakes_consensi.fasta
Pygopus_nigriceps	sq2_unassigned	0.90	50	17574	17540	16525	1015	5.7868	3	12	19	17339	5	6	4	500	1174	0	0	1450	396	332	25	14	25	24	2	580	28	365	40	/scratch/sk4386/sq2_sinederella_2consensus_20260514/run/Pygopus_nigriceps/run_20260514_155226	/scratch/sk4386/sq2_sinederella_2consensus_20260514/run/Pygopus_nigriceps/run_20260514_155226/step2/step2_output/unassigned.fasta
Python_bivittatus	sq2_long_gecko_dibamus	0.90	50	3546	3527	3509	18	0.5103	2	17	0	3519	5	6	4	500	3	0	0	9	9	9	0	0	0	2	0	18	0	0	0	/scratch/sk4386/sq2_sinederella_2consensus_20260514/run/Python_bivittatus/run_20260514_155848	/scratch/sk4386/sq2_sinederella_2consensus_20260514/run/Python_bivittatus/run_20260514_155848/step2/step2_output/subfamilies/sq2_long_gecko_dibamus_50pct_from_nonsnakes_consensi.fasta
Python_bivittatus	sq2_short_general	0.90	50	5403	5374	5342	32	0.5955	1	28	0	5360	5	6	4	500	5	0	0	16	16	16	0	0	0	2	6	22	0	4	0	/scratch/sk4386/sq2_sinederella_2consensus_20260514/run/Python_bivittatus/run_20260514_155848	/scratch/sk4386/sq2_sinederella_2consensus_20260514/run/Python_bivittatus/run_20260514_155848/step2/step2_output/subfamilies/sq2_short_general_50pct_from_nonsnakes_consensi.fasta
Python_bivittatus	sq2_unassigned	0.90	50	2718	2705	2697	8	0.2957	3	10	0	2701	5	6	4	500	2	0	0	4	4	4	0	0	0	2	0	8	0	0	0	/scratch/sk4386/sq2_sinederella_2consensus_20260514/run/Python_bivittatus/run_20260514_155848	/scratch/sk4386/sq2_sinederella_2consensus_20260514/run/Python_bivittatus/run_20260514_155848/step2/step2_output/unassigned.fasta
Rena_humilis_AMNHR504812	sq2_long_gecko_dibamus	0.90	50	1719	1719	1646	73	4.2467	0	0	0	1703	5	6	4	500	271	0	0	111	22	16	3	1	2	16	0	8	0	65	0	/scratch/sk4386/sq2_sinederella_2consensus_20260514/run/Rena_humilis_AMNHR504812/run_20260514_175956	/scratch/sk4386/sq2_sinederella_2consensus_20260514/run/Rena_humilis_AMNHR504812/run_20260514_175956/step2/step2_output/subfamilies/sq2_long_gecko_dibamus_50pct_from_nonsnakes_consensi.fasta
Rena_humilis_AMNHR504812	sq2_short_general	0.90	50	23403	23368	22135	1233	5.2764	31	4	0	23102	5	6	4	500	533227	0	12	6320	320	254	26	7	33	84	25	111	0	1013	84	/scratch/sk4386/sq2_sinederella_2consensus_20260514/run/Rena_humilis_AMNHR504812/run_20260514_175956	/scratch/sk4386/sq2_sinederella_2consensus_20260514/run/Rena_humilis_AMNHR504812/run_20260514_175956/step2/step2_output/subfamilies/sq2_short_general_50pct_from_nonsnakes_consensi.fasta
Rena_humilis_AMNHR504812	sq2_unassigned	0.90	50	21898	21864	20642	1222	5.5891	29	4	1	21618	5	6	4	500	507343	0	12	6084	310	242	26	8	34	84	25	119	0	994	84	/scratch/sk4386/sq2_sinederella_2consensus_20260514/run/Rena_humilis_AMNHR504812/run_20260514_175956	/scratch/sk4386/sq2_sinederella_2consensus_20260514/run/Rena_humilis_AMNHR504812/run_20260514_175956/step2/step2_output/unassigned.fasta
Rhineura_floridana	sq2_long_gecko_dibamus	0.90	50	19675	19640	19285	355	1.8075	0	4	31	19556	5	6	4	500	763	0	0	655	117	79	17	7	14	23	2	140	47	166	0	/scratch/sk4386/sq2_sinederella_2consensus_20260514/run/Rhineura_floridana/run_20260514_160234	/scratch/sk4386/sq2_sinederella_2consensus_20260514/run/Rhineura_floridana/run_20260514_160234/step2/step2_output/subfamilies/sq2_long_gecko_dibamus_50pct_from_nonsnakes_consensi.fasta
Rhineura_floridana	sq2_short_general	0.90	50	97784	97378	92532	4846	4.9765	0	12	394	96715	5	6	4	500	286094	0	0	65636	675	444	100	32	99	567	12	627	188	4019	0	/scratch/sk4386/sq2_sinederella_2consensus_20260514/run/Rhineura_floridana/run_20260514_160234	/scratch/sk4386/sq2_sinederella_2consensus_20260514/run/Rhineura_floridana/run_20260514_160234/step2/step2_output/subfamilies/sq2_short_general_50pct_from_nonsnakes_consensi.fasta
Rhineura_floridana	sq2_unassigned	0.90	50	18884	18855	17944	911	4.8316	0	1	28	18659	5	6	4	500	12771	0	0	7418	159	97	25	8	29	84	2	133	28	748	0	/scratch/sk4386/sq2_sinederella_2consensus_20260514/run/Rhineura_floridana/run_20260514_160234	/scratch/sk4386/sq2_sinederella_2consensus_20260514/run/Rhineura_floridana/run_20260514_160234/step2/step2_output/unassigned.fasta
Rhinophis_saffragamus	sq2_long_gecko_dibamus	0.90	50	1755	1744	1744	0	0.0	9	2	0	1744	5	6	4	500	0	0	0	0	0	0	0	0	0	0	0	0	0	0	0	/scratch/sk4386/sq2_sinederella_2consensus_20260514/run/Rhinophis_saffragamus/run_20260514_160329	/scratch/sk4386/sq2_sinederella_2consensus_20260514/run/Rhinophis_saffragamus/run_20260514_160329/step2/step2_output/subfamilies/sq2_long_gecko_dibamus_50pct_from_nonsnakes_consensi.fasta
Rhinophis_saffragamus	sq2_short_general	0.90	50	2864	2840	2838	2	0.0704	20	4	0	2839	5	6	4	500	0	0	0	1	1	1	0	0	0	2	2	0	0	0	0	/scratch/sk4386/sq2_sinederella_2consensus_20260514/run/Rhinophis_saffragamus/run_20260514_160329	/scratch/sk4386/sq2_sinederella_2consensus_20260514/run/Rhinophis_saffragamus/run_20260514_160329/step2/step2_output/subfamilies/sq2_short_general_50pct_from_nonsnakes_consensi.fasta
Rhinophis_saffragamus	sq2_unassigned	0.90	50	683	677	677	0	0.0	6	0	0	677	5	6	4	500	0	0	0	0	0	0	0	0	0	0	0	0	0	0	0	/scratch/sk4386/sq2_sinederella_2consensus_20260514/run/Rhinophis_saffragamus/run_20260514_160329	/scratch/sk4386/sq2_sinederella_2consensus_20260514/run/Rhinophis_saffragamus/run_20260514_160329/step2/step2_output/unassigned.fasta
Riama_orcesi	sq2_long_gecko_dibamus	0.90	50	20175	20162	16746	3416	16.9428	10	2	1	18934	5	6	4	500	482544	0	11	1946	1665	1626	26	4	9	11	14	51	0	3247	104	/scratch/sk4386/sq2_sinederella_2consensus_20260514/run/Riama_orcesi/run_20260514_180038	/scratch/sk4386/sq2_sinederella_2consensus_20260514/run/Riama_orcesi/run_20260514_180038/step2/step2_output/subfamilies/sq2_long_gecko_dibamus_50pct_from_nonsnakes_consensi.fasta
Riama_orcesi	sq2_short_general	0.90	50	5993	5985	4901	1084	18.1119	7	1	0	5583	5	6	4	500	278	0	0	585	535	531	0	2	2	7	6	4	0	1032	42	/scratch/sk4386/sq2_sinederella_2consensus_20260514/run/Riama_orcesi/run_20260514_180038	/scratch/sk4386/sq2_sinederella_2consensus_20260514/run/Riama_orcesi/run_20260514_180038/step2/step2_output/subfamilies/sq2_short_general_50pct_from_nonsnakes_consensi.fasta
Riama_orcesi	sq2_unassigned	0.90	50	20741	20723	17371	3352	16.1753	16	2	0	19515	5	6	4	500	510466	0	10	1907	1636	1604	19	4	9	10	6	45	0	3189	112	/scratch/sk4386/sq2_sinederella_2consensus_20260514/run/Riama_orcesi/run_20260514_180038	/scratch/sk4386/sq2_sinederella_2consensus_20260514/run/Riama_orcesi/run_20260514_180038/step2/step2_output/unassigned.fasta
Salvator_merianae	sq2_long_gecko_dibamus	0.90	50	3343	3340	3307	33	0.988	1	1	1	3328	5	6	4	500	94	0	0	22	15	13	1	1	0	4	0	4	0	29	0	/scratch/sk4386/sq2_sinederella_2consensus_20260514/run/Salvator_merianae/run_20260514_160450	/scratch/sk4386/sq2_sinederella_2consensus_20260514/run/Salvator_merianae/run_20260514_160450/step2/step2_output/subfamilies/sq2_long_gecko_dibamus_50pct_from_nonsnakes_consensi.fasta
Salvator_merianae	sq2_short_general	0.90	50	8312	8304	8209	95	1.144	2	5	1	8273	5	6	4	500	42	0	0	55	45	41	3	1	0	4	2	20	4	69	0	/scratch/sk4386/sq2_sinederella_2consensus_20260514/run/Salvator_merianae/run_20260514_160450	/scratch/sk4386/sq2_sinederella_2consensus_20260514/run/Salvator_merianae/run_20260514_160450/step2/step2_output/subfamilies/sq2_short_general_50pct_from_nonsnakes_consensi.fasta
Salvator_merianae	sq2_unassigned	0.90	50	6099	6092	6022	70	1.149	2	4	1	6069	5	6	4	500	64	0	0	38	34	32	2	0	0	3	0	22	3	45	0	/scratch/sk4386/sq2_sinederella_2consensus_20260514/run/Salvator_merianae/run_20260514_160450	/scratch/sk4386/sq2_sinederella_2consensus_20260514/run/Salvator_merianae/run_20260514_160450/step2/step2_output/unassigned.fasta
Shinisaurus_crocodilurus	sq2_long_gecko_dibamus	0.90	50	29924	29883	27823	2060	6.8936	0	7	34	29264	5	6	4	500	4776	0	0	1470	977	942	19	3	13	14	2	953	136	969	0	/scratch/sk4386/sq2_sinederella_2consensus_20260514/run/Shinisaurus_crocodilurus/run_20260514_160807	/scratch/sk4386/sq2_sinederella_2consensus_20260514/run/Shinisaurus_crocodilurus/run_20260514_160807/step2/step2_output/subfamilies/sq2_long_gecko_dibamus_50pct_from_nonsnakes_consensi.fasta
Shinisaurus_crocodilurus	sq2_short_general	0.90	50	49937	49774	45085	4689	9.4206	8	6	149	48270	5	6	4	500	4470	0	0	15098	1924	1762	77	39	46	76	12	1651	237	2789	0	/scratch/sk4386/sq2_sinederella_2consensus_20260514/run/Shinisaurus_crocodilurus/run_20260514_160807	/scratch/sk4386/sq2_sinederella_2consensus_20260514/run/Shinisaurus_crocodilurus/run_20260514_160807/step2/step2_output/subfamilies/sq2_short_general_50pct_from_nonsnakes_consensi.fasta
Shinisaurus_crocodilurus	sq2_unassigned	0.90	50	24390	24354	22208	2146	8.8117	1	7	28	23634	5	6	4	500	7069	0	0	7980	890	839	22	11	18	71	4	817	102	1223	0	/scratch/sk4386/sq2_sinederella_2consensus_20260514/run/Shinisaurus_crocodilurus/run_20260514_160807	/scratch/sk4386/sq2_sinederella_2consensus_20260514/run/Shinisaurus_crocodilurus/run_20260514_160807/step2/step2_output/unassigned.fasta
Siderolamprus_cyanochloris	sq2_long_gecko_dibamus	0.90	50	10852	10839	9054	1785	16.4683	0	1	12	10076	5	6	4	500	179	0	0	1088	874	865	2	4	3	15	0	8	4	1709	64	/scratch/sk4386/sq2_sinederella_2consensus_20260514/run/Siderolamprus_cyanochloris/run_20260514_180258	/scratch/sk4386/sq2_sinederella_2consensus_20260514/run/Siderolamprus_cyanochloris/run_20260514_180258/step2/step2_output/subfamilies/sq2_long_gecko_dibamus_50pct_from_nonsnakes_consensi.fasta
Siderolamprus_cyanochloris	sq2_short_general	0.90	50	24795	24758	20645	4113	16.6128	3	0	34	23044	5	6	4	500	517	0	0	2697	1999	1979	5	3	12	14	4	38	0	3906	165	/scratch/sk4386/sq2_sinederella_2consensus_20260514/run/Siderolamprus_cyanochloris/run_20260514_180258	/scratch/sk4386/sq2_sinederella_2consensus_20260514/run/Siderolamprus_cyanochloris/run_20260514_180258/step2/step2_output/subfamilies/sq2_short_general_50pct_from_nonsnakes_consensi.fasta
Siderolamprus_cyanochloris	sq2_unassigned	0.90	50	9863	9859	8441	1418	14.3828	0	1	3	9236	5	6	4	500	199	0	0	1246	667	655	2	3	7	17	4	21	2	1265	126	/scratch/sk4386/sq2_sinederella_2consensus_20260514/run/Siderolamprus_cyanochloris/run_20260514_180258	/scratch/sk4386/sq2_sinederella_2consensus_20260514/run/Siderolamprus_cyanochloris/run_20260514_180258/step2/step2_output/unassigned.fasta
Simalia_boeleni	sq2_long_gecko_dibamus	0.90	50	2335	1868	1868	0	0.0	13	454	0	1868	5	6	4	500	0	0	0	0	0	0	0	0	0	0	0	0	0	0	0	/scratch/sk4386/sq2_sinederella_2consensus_20260514/run/Simalia_boeleni/run_20260514_160906	/scratch/sk4386/sq2_sinederella_2consensus_20260514/run/Simalia_boeleni/run_20260514_160906/step2/step2_output/subfamilies/sq2_long_gecko_dibamus_50pct_from_nonsnakes_consensi.fasta
Simalia_boeleni	sq2_short_general	0.90	50	3599	2895	2895	0	0.0	12	692	0	2895	5	6	4	500	0	0	0	0	0	0	0	0	0	0	0	0	0	0	0	/scratch/sk4386/sq2_sinederella_2consensus_20260514/run/Simalia_boeleni/run_20260514_160906	/scratch/sk4386/sq2_sinederella_2consensus_20260514/run/Simalia_boeleni/run_20260514_160906/step2/step2_output/subfamilies/sq2_short_general_50pct_from_nonsnakes_consensi.fasta
Simalia_boeleni	sq2_unassigned	0.90	50	1817	1479	1479	0	0.0	8	330	0	1479	5	6	4	500	0	0	0	0	0	0	0	0	0	0	0	0	0	0	0	/scratch/sk4386/sq2_sinederella_2consensus_20260514/run/Simalia_boeleni/run_20260514_160906	/scratch/sk4386/sq2_sinederella_2consensus_20260514/run/Simalia_boeleni/run_20260514_160906/step2/step2_output/unassigned.fasta
Simalia_tracyae	sq2_long_gecko_dibamus	0.90	50	2273	2266	2264	2	0.0883	2	5	0	2266	5	6	4	500	1	0	0	1	1	1	0	0	0	2	0	0	0	2	0	/scratch/sk4386/sq2_sinederella_2consensus_20260514/run/Simalia_tracyae/run_20260514_161131	/scratch/sk4386/sq2_sinederella_2consensus_20260514/run/Simalia_tracyae/run_20260514_161131/step2/step2_output/subfamilies/sq2_long_gecko_dibamus_50pct_from_nonsnakes_consensi.fasta
Simalia_tracyae	sq2_short_general	0.90	50	4108	4092	4090	2	0.0489	3	13	0	4092	5	6	4	500	1	0	0	1	1	1	0	0	0	2	0	0	0	2	0	/scratch/sk4386/sq2_sinederella_2consensus_20260514/run/Simalia_tracyae/run_20260514_161131	/scratch/sk4386/sq2_sinederella_2consensus_20260514/run/Simalia_tracyae/run_20260514_161131/step2/step2_output/subfamilies/sq2_short_general_50pct_from_nonsnakes_consensi.fasta
Simalia_tracyae	sq2_unassigned	0.90	50	572	571	571	0	0.0	0	1	0	571	5	6	4	500	0	0	0	0	0	0	0	0	0	0	0	0	0	0	0	/scratch/sk4386/sq2_sinederella_2consensus_20260514/run/Simalia_tracyae/run_20260514_161131	/scratch/sk4386/sq2_sinederella_2consensus_20260514/run/Simalia_tracyae/run_20260514_161131/step2/step2_output/unassigned.fasta
Sphaerodactylus_glaucus	sq2_long_gecko_dibamus	0.90	50	31383	30750	30709	41	0.1333	543	52	38	30750	5	6	4	500	44	0	0	26	19	17	1	1	0	4	0	0	0	41	0	/scratch/sk4386/sq2_sinederella_2consensus_20260514/run/Sphaerodactylus_glaucus/run_20260514_161324	/scratch/sk4386/sq2_sinederella_2consensus_20260514/run/Sphaerodactylus_glaucus/run_20260514_161324/step2/step2_output/subfamilies/sq2_long_gecko_dibamus_50pct_from_nonsnakes_consensi.fasta
Sphaerodactylus_glaucus	sq2_short_general	0.90	50	3192	3091	3089	2	0.0647	100	1	0	3091	5	6	4	500	1	0	0	1	1	1	0	0	0	2	0	0	0	2	0	/scratch/sk4386/sq2_sinederella_2consensus_20260514/run/Sphaerodactylus_glaucus/run_20260514_161324	/scratch/sk4386/sq2_sinederella_2consensus_20260514/run/Sphaerodactylus_glaucus/run_20260514_161324/step2/step2_output/subfamilies/sq2_short_general_50pct_from_nonsnakes_consensi.fasta
Sphaerodactylus_glaucus	sq2_unassigned	0.90	50	9864	9590	9578	12	0.1251	239	31	4	9590	5	6	4	500	8	0	0	6	6	6	0	0	0	2	0	0	0	12	0	/scratch/sk4386/sq2_sinederella_2consensus_20260514/run/Sphaerodactylus_glaucus/run_20260514_161324	/scratch/sk4386/sq2_sinederella_2consensus_20260514/run/Sphaerodactylus_glaucus/run_20260514_161324/step2/step2_output/unassigned.fasta
Sphaerodactylus_inigoi	sq2_long_gecko_dibamus	0.90	50	43632	43558	42069	1489	3.4184	3	18	53	43241	5	6	4	500	262985	0	6	2354	612	542	34	10	26	29	34	306	37	892	220	/scratch/sk4386/sq2_sinederella_2consensus_20260514/run/Sphaerodactylus_inigoi/run_20260514_161503	/scratch/sk4386/sq2_sinederella_2consensus_20260514/run/Sphaerodactylus_inigoi/run_20260514_161503/step2/step2_output/subfamilies/sq2_long_gecko_dibamus_50pct_from_nonsnakes_consensi.fasta
Sphaerodactylus_inigoi	sq2_short_general	0.90	50	5464	5454	5332	122	2.2369	1	6	3	5432	5	6	4	500	18270	0	0	116	50	43	1	1	5	7	2	18	9	67	26	/scratch/sk4386/sq2_sinederella_2consensus_20260514/run/Sphaerodactylus_inigoi/run_20260514_161503	/scratch/sk4386/sq2_sinederella_2consensus_20260514/run/Sphaerodactylus_inigoi/run_20260514_161503/step2/step2_output/subfamilies/sq2_short_general_50pct_from_nonsnakes_consensi.fasta
Sphaerodactylus_inigoi	sq2_unassigned	0.90	50	23120	23091	22334	757	3.2783	1	17	11	22921	5	6	4	500	330860	0	6	1917	265	221	14	8	22	30	25	172	24	314	222	/scratch/sk4386/sq2_sinederella_2consensus_20260514/run/Sphaerodactylus_inigoi/run_20260514_161503	/scratch/sk4386/sq2_sinederella_2consensus_20260514/run/Sphaerodactylus_inigoi/run_20260514_161503/step2/step2_output/unassigned.fasta
Sphaerodactylus_townsendi	sq2_long_gecko_dibamus	0.90	50	33406	33328	33112	216	0.6481	4	21	53	33267	5	6	4	500	30644	0	0	144	99	89	5	3	2	6	9	78	8	121	0	/scratch/sk4386/sq2_sinederella_2consensus_20260514/run/Sphaerodactylus_townsendi/run_20260514_162537	/scratch/sk4386/sq2_sinederella_2consensus_20260514/run/Sphaerodactylus_townsendi/run_20260514_162537/step2/step2_output/subfamilies/sq2_long_gecko_dibamus_50pct_from_nonsnakes_consensi.fasta
Sphaerodactylus_townsendi	sq2_short_general	0.90	50	4142	4139	4125	14	0.3382	0	3	0	4137	5	6	4	500	14428	0	0	11	5	3	0	2	0	4	4	6	0	4	0	/scratch/sk4386/sq2_sinederella_2consensus_20260514/run/Sphaerodactylus_townsendi/run_20260514_162537	/scratch/sk4386/sq2_sinederella_2consensus_20260514/run/Sphaerodactylus_townsendi/run_20260514_162537/step2/step2_output/subfamilies/sq2_short_general_50pct_from_nonsnakes_consensi.fasta
Sphaerodactylus_townsendi	sq2_unassigned	0.90	50	13178	13152	13058	94	0.7147	2	12	12	13123	5	6	4	500	54751	0	0	63	43	39	2	1	1	6	0	40	4	50	0	/scratch/sk4386/sq2_sinederella_2consensus_20260514/run/Sphaerodactylus_townsendi/run_20260514_162537	/scratch/sk4386/sq2_sinederella_2consensus_20260514/run/Sphaerodactylus_townsendi/run_20260514_162537/step2/step2_output/unassigned.fasta
Sphenomorphus_neuhaussi	sq2_long_gecko_dibamus	0.90	50	6428	6417	6234	183	2.8518	6	0	5	6350	5	6	4	500	84	0	0	108	87	81	3	3	0	4	0	18	0	163	2	/scratch/sk4386/sq2_sinederella_2consensus_20260514/run/Sphenomorphus_neuhaussi/run_20260514_180336	/scratch/sk4386/sq2_sinederella_2consensus_20260514/run/Sphenomorphus_neuhaussi/run_20260514_180336/step2/step2_output/subfamilies/sq2_long_gecko_dibamus_50pct_from_nonsnakes_consensi.fasta
Sphenomorphus_neuhaussi	sq2_short_general	0.90	50	17585	17543	16995	548	3.1238	18	0	24	17382	5	6	4	500	224	0	0	366	256	239	10	1	6	7	2	54	0	470	22	/scratch/sk4386/sq2_sinederella_2consensus_20260514/run/Sphenomorphus_neuhaussi/run_20260514_180336	/scratch/sk4386/sq2_sinederella_2consensus_20260514/run/Sphenomorphus_neuhaussi/run_20260514_180336/step2/step2_output/subfamilies/sq2_short_general_50pct_from_nonsnakes_consensi.fasta
Sphenomorphus_neuhaussi	sq2_unassigned	0.90	50	7948	7935	7716	219	2.7599	7	0	6	7865	5	6	4	500	113	0	0	140	102	92	7	2	1	6	0	27	0	187	5	/scratch/sk4386/sq2_sinederella_2consensus_20260514/run/Sphenomorphus_neuhaussi/run_20260514_180336	/scratch/sk4386/sq2_sinederella_2consensus_20260514/run/Sphenomorphus_neuhaussi/run_20260514_180336/step2/step2_output/unassigned.fasta
Spondylurus_nitidus	sq2_long_gecko_dibamus	0.90	50	6170	6166	6110	56	0.9082	0	1	3	6149	5	6	4	500	67	0	0	181	17	11	4	1	1	18	0	26	6	24	0	/scratch/sk4386/sq2_sinederella_2consensus_20260514/run/Spondylurus_nitidus/run_20260514_162735	/scratch/sk4386/sq2_sinederella_2consensus_20260514/run/Spondylurus_nitidus/run_20260514_162735/step2/step2_output/subfamilies/sq2_long_gecko_dibamus_50pct_from_nonsnakes_consensi.fasta
Spondylurus_nitidus	sq2_short_general	0.90	50	18956	18933	18874	59	0.3116	0	2	21	18922	5	6	4	500	48	0	0	56	22	14	4	1	3	5	0	26	24	9	0	/scratch/sk4386/sq2_sinederella_2consensus_20260514/run/Spondylurus_nitidus/run_20260514_162735	/scratch/sk4386/sq2_sinederella_2consensus_20260514/run/Spondylurus_nitidus/run_20260514_162735/step2/step2_output/subfamilies/sq2_short_general_50pct_from_nonsnakes_consensi.fasta
Spondylurus_nitidus	sq2_unassigned	0.90	50	7347	7342	7288	54	0.7355	0	1	4	7335	5	6	4	500	96	0	0	64	17	11	2	0	4	8	0	20	6	28	0	/scratch/sk4386/sq2_sinederella_2consensus_20260514/run/Spondylurus_nitidus/run_20260514_162735	/scratch/sk4386/sq2_sinederella_2consensus_20260514/run/Spondylurus_nitidus/run_20260514_162735/step2/step2_output/unassigned.fasta
Tarentola_annularis	sq2_long_gecko_dibamus	0.90	50	50301	49542	49518	24	0.0484	596	55	108	49541	5	6	4	500	42	0	0	13	11	9	2	0	0	3	0	0	0	24	0	/scratch/sk4386/sq2_sinederella_2consensus_20260514/run/Tarentola_annularis/run_20260514_162834	/scratch/sk4386/sq2_sinederella_2consensus_20260514/run/Tarentola_annularis/run_20260514_162834/step2/step2_output/subfamilies/sq2_long_gecko_dibamus_50pct_from_nonsnakes_consensi.fasta
Tarentola_annularis	sq2_short_general	0.90	50	4535	4266	4264	2	0.0469	262	6	1	4266	5	6	4	500	3	0	0	1	1	1	0	0	0	2	2	0	0	0	0	/scratch/sk4386/sq2_sinederella_2consensus_20260514/run/Tarentola_annularis/run_20260514_162834	/scratch/sk4386/sq2_sinederella_2consensus_20260514/run/Tarentola_annularis/run_20260514_162834/step2/step2_output/subfamilies/sq2_short_general_50pct_from_nonsnakes_consensi.fasta
Tarentola_annularis	sq2_unassigned	0.90	50	15343	15028	15019	9	0.0599	282	27	6	15027	5	6	4	500	10	0	0	5	4	3	1	0	0	3	0	0	0	9	0	/scratch/sk4386/sq2_sinederella_2consensus_20260514/run/Tarentola_annularis/run_20260514_162834	/scratch/sk4386/sq2_sinederella_2consensus_20260514/run/Tarentola_annularis/run_20260514_162834/step2/step2_output/unassigned.fasta
Tarentola_mauritanica	sq2_long_gecko_dibamus	0.90	50	53349	53185	51605	1580	2.9708	5	39	120	52703	5	6	4	500	1682	0	0	2441	635	563	31	11	30	23	136	932	32	333	147	/scratch/sk4386/sq2_sinederella_2consensus_20260514/run/Tarentola_mauritanica/run_20260514_163214	/scratch/sk4386/sq2_sinederella_2consensus_20260514/run/Tarentola_mauritanica/run_20260514_163214/step2/step2_output/subfamilies/sq2_long_gecko_dibamus_50pct_from_nonsnakes_consensi.fasta
Tarentola_mauritanica	sq2_short_general	0.90	50	5767	5765	5580	185	3.209	0	2	0	5708	5	6	4	500	152	0	0	146	83	75	3	3	2	9	43	105	7	26	4	/scratch/sk4386/sq2_sinederella_2consensus_20260514/run/Tarentola_mauritanica/run_20260514_163214	/scratch/sk4386/sq2_sinederella_2consensus_20260514/run/Tarentola_mauritanica/run_20260514_163214/step2/step2_output/subfamilies/sq2_short_general_50pct_from_nonsnakes_consensi.fasta
Tarentola_mauritanica	sq2_unassigned	0.90	50	18599	18569	17961	608	3.2743	1	16	13	18404	5	6	4	500	735	0	0	783	247	214	12	7	14	17	71	358	24	88	67	/scratch/sk4386/sq2_sinederella_2consensus_20260514/run/Tarentola_mauritanica/run_20260514_163214	/scratch/sk4386/sq2_sinederella_2consensus_20260514/run/Tarentola_mauritanica/run_20260514_163214/step2/step2_output/unassigned.fasta
Teratoscincus_roborowskii	sq2_long_gecko_dibamus	0.90	50	69566	69317	67699	1618	2.3342	0	7	242	68738	5	6	4	500	7460	0	0	10452	364	228	46	26	64	69	92	406	361	759	0	/scratch/sk4386/sq2_sinederella_2consensus_20260514/run/Teratoscincus_roborowskii/run_20260514_163923	/scratch/sk4386/sq2_sinederella_2consensus_20260514/run/Teratoscincus_roborowskii/run_20260514_163923/step2/step2_output/subfamilies/sq2_long_gecko_dibamus_50pct_from_nonsnakes_consensi.fasta
Teratoscincus_roborowskii	sq2_short_general	0.90	50	6165	6158	6093	65	1.0555	0	0	7	6129	5	6	4	500	49	0	0	83	23	16	3	1	3	7	0	13	24	28	0	/scratch/sk4386/sq2_sinederella_2consensus_20260514/run/Teratoscincus_roborowskii/run_20260514_163923	/scratch/sk4386/sq2_sinederella_2consensus_20260514/run/Teratoscincus_roborowskii/run_20260514_163923/step2/step2_output/subfamilies/sq2_short_general_50pct_from_nonsnakes_consensi.fasta
Teratoscincus_roborowskii	sq2_unassigned	0.90	50	20333	20314	19919	395	1.9445	0	1	18	20189	5	6	4	500	718	0	0	1238	111	67	12	15	17	37	7	106	191	91	0	/scratch/sk4386/sq2_sinederella_2consensus_20260514/run/Teratoscincus_roborowskii/run_20260514_163923	/scratch/sk4386/sq2_sinederella_2consensus_20260514/run/Teratoscincus_roborowskii/run_20260514_163923/step2/step2_output/unassigned.fasta
Thecadactylus_rapicauda	sq2_long_gecko_dibamus	0.90	50	54307	53001	52951	50	0.0943	1092	95	119	52999	5	6	4	500	62	0	0	31	22	19	2	0	1	6	2	4	0	44	0	/scratch/sk4386/sq2_sinederella_2consensus_20260514/run/Thecadactylus_rapicauda/run_20260514_164149	/scratch/sk4386/sq2_sinederella_2consensus_20260514/run/Thecadactylus_rapicauda/run_20260514_164149/step2/step2_output/subfamilies/sq2_long_gecko_dibamus_50pct_from_nonsnakes_consensi.fasta
Thecadactylus_rapicauda	sq2_short_general	0.90	50	4416	4185	4185	0	0.0	218	11	2	4185	5	6	4	500	0	0	0	0	0	0	0	0	0	0	0	0	0	0	0	/scratch/sk4386/sq2_sinederella_2consensus_20260514/run/Thecadactylus_rapicauda/run_20260514_164149	/scratch/sk4386/sq2_sinederella_2consensus_20260514/run/Thecadactylus_rapicauda/run_20260514_164149/step2/step2_output/subfamilies/sq2_short_general_50pct_from_nonsnakes_consensi.fasta
Thecadactylus_rapicauda	sq2_unassigned	0.90	50	14330	13866	13862	4	0.0288	420	39	5	13865	5	6	4	500	3	0	0	2	2	2	0	0	0	2	0	2	0	2	0	/scratch/sk4386/sq2_sinederella_2consensus_20260514/run/Thecadactylus_rapicauda/run_20260514_164149	/scratch/sk4386/sq2_sinederella_2consensus_20260514/run/Thecadactylus_rapicauda/run_20260514_164149/step2/step2_output/unassigned.fasta
Thecadactylus_rapicauda_local	sq2_long_gecko_dibamus	0.90	50	64656	64459	62777	1682	2.6094	19	21	157	63839	5	6	4	500	1225	0	0	6620	692	610	49	9	24	103	266	486	53	839	38	/scratch/sk4386/sq2_sinederella_2consensus_20260514/run/Thecadactylus_rapicauda_local/run_20260514_164823	/scratch/sk4386/sq2_sinederella_2consensus_20260514/run/Thecadactylus_rapicauda_local/run_20260514_164823/step2/step2_output/subfamilies/sq2_long_gecko_dibamus_50pct_from_nonsnakes_consensi.fasta
Thecadactylus_rapicauda_local	sq2_short_general	0.90	50	6234	6230	6037	193	3.0979	0	1	3	6170	5	6	4	500	382	0	0	203	74	63	3	0	8	17	30	53	0	88	22	/scratch/sk4386/sq2_sinederella_2consensus_20260514/run/Thecadactylus_rapicauda_local/run_20260514_164823	/scratch/sk4386/sq2_sinederella_2consensus_20260514/run/Thecadactylus_rapicauda_local/run_20260514_164823/step2/step2_output/subfamilies/sq2_short_general_50pct_from_nonsnakes_consensi.fasta
Thecadactylus_rapicauda_local	sq2_unassigned	0.90	50	21085	21067	20502	565	2.6819	4	4	10	20890	5	6	4	500	899	0	0	639	226	200	9	2	15	19	68	177	19	250	51	/scratch/sk4386/sq2_sinederella_2consensus_20260514/run/Thecadactylus_rapicauda_local/run_20260514_164823	/scratch/sk4386/sq2_sinederella_2consensus_20260514/run/Thecadactylus_rapicauda_local/run_20260514_164823/step2/step2_output/unassigned.fasta
Tiliqua_scincoides	sq2_long_gecko_dibamus	0.90	50	9449	9446	9347	99	1.0481	0	0	3	9420	5	6	4	500	599	0	0	94	41	36	1	0	4	8	0	49	7	43	0	/scratch/sk4386/sq2_sinederella_2consensus_20260514/run/Tiliqua_scincoides/run_20260514_165408	/scratch/sk4386/sq2_sinederella_2consensus_20260514/run/Tiliqua_scincoides/run_20260514_165408/step2/step2_output/subfamilies/sq2_long_gecko_dibamus_50pct_from_nonsnakes_consensi.fasta
Tiliqua_scincoides	sq2_short_general	0.90	50	28956	28897	28284	613	2.1213	0	6	53	28676	5	6	4	500	5314	0	0	3535	162	118	18	6	20	37	6	202	79	326	0	/scratch/sk4386/sq2_sinederella_2consensus_20260514/run/Tiliqua_scincoides/run_20260514_165408	/scratch/sk4386/sq2_sinederella_2consensus_20260514/run/Tiliqua_scincoides/run_20260514_165408/step2/step2_output/subfamilies/sq2_short_general_50pct_from_nonsnakes_consensi.fasta
Tiliqua_scincoides	sq2_unassigned	0.90	50	12074	12060	11754	306	2.5373	0	1	13	11981	5	6	4	500	6743	0	0	1492	80	50	11	7	12	35	0	82	47	177	0	/scratch/sk4386/sq2_sinederella_2consensus_20260514/run/Tiliqua_scincoides/run_20260514_165408	/scratch/sk4386/sq2_sinederella_2consensus_20260514/run/Tiliqua_scincoides/run_20260514_165408/step2/step2_output/unassigned.fasta
Tretioscincus_oriximinensis	sq2_long_gecko_dibamus	0.90	50	259	234	234	0	0.0	0	25	0	234	5	6	4	500	0	0	0	0	0	0	0	0	0	0	0	0	0	0	0	/scratch/sk4386/sq2_sinederella_2consensus_20260514/run/Tretioscincus_oriximinensis/run_20260514_165744	/scratch/sk4386/sq2_sinederella_2consensus_20260514/run/Tretioscincus_oriximinensis/run_20260514_165744/step2/step2_output/subfamilies/sq2_long_gecko_dibamus_50pct_from_nonsnakes_consensi.fasta
Tretioscincus_oriximinensis	sq2_short_general	0.90	50	454	423	421	2	0.4728	0	31	0	422	5	6	4	500	0	0	0	1	1	1	0	0	0	2	0	0	0	2	0	/scratch/sk4386/sq2_sinederella_2consensus_20260514/run/Tretioscincus_oriximinensis/run_20260514_165744	/scratch/sk4386/sq2_sinederella_2consensus_20260514/run/Tretioscincus_oriximinensis/run_20260514_165744/step2/step2_output/subfamilies/sq2_short_general_50pct_from_nonsnakes_consensi.fasta
Tretioscincus_oriximinensis	sq2_unassigned	0.90	50	76	70	70	0	0.0	0	6	0	70	5	6	4	500	0	0	0	0	0	0	0	0	0	0	0	0	0	0	0	/scratch/sk4386/sq2_sinederella_2consensus_20260514/run/Tretioscincus_oriximinensis/run_20260514_165744	/scratch/sk4386/sq2_sinederella_2consensus_20260514/run/Tretioscincus_oriximinensis/run_20260514_165744/step2/step2_output/unassigned.fasta
Trogonophis_wiegmanni_MVZ250710	sq2_long_gecko_dibamus	0.90	50	7536	7529	7467	62	0.8235	0	0	7	7512	5	6	4	500	39	0	0	58	26	23	0	1	2	6	0	32	0	22	8	/scratch/sk4386/sq2_sinederella_2consensus_20260514/run/Trogonophis_wiegmanni_MVZ250710/run_20260514_180949	/scratch/sk4386/sq2_sinederella_2consensus_20260514/run/Trogonophis_wiegmanni_MVZ250710/run_20260514_180949/step2/step2_output/subfamilies/sq2_long_gecko_dibamus_50pct_from_nonsnakes_consensi.fasta
Trogonophis_wiegmanni_MVZ250710	sq2_short_general	0.90	50	44123	44023	43421	602	1.3675	1	0	99	43872	5	6	4	500	525	0	0	600	239	178	33	12	16	10	4	396	29	161	12	/scratch/sk4386/sq2_sinederella_2consensus_20260514/run/Trogonophis_wiegmanni_MVZ250710/run_20260514_180949	/scratch/sk4386/sq2_sinederella_2consensus_20260514/run/Trogonophis_wiegmanni_MVZ250710/run_20260514_180949/step2/step2_output/subfamilies/sq2_short_general_50pct_from_nonsnakes_consensi.fasta
Trogonophis_wiegmanni_MVZ250710	sq2_unassigned	0.90	50	14737	14727	14507	220	1.4939	0	0	10	14671	5	6	4	500	168	0	0	192	91	70	12	4	5	7	2	155	5	46	12	/scratch/sk4386/sq2_sinederella_2consensus_20260514/run/Trogonophis_wiegmanni_MVZ250710/run_20260514_180949	/scratch/sk4386/sq2_sinederella_2consensus_20260514/run/Trogonophis_wiegmanni_MVZ250710/run_20260514_180949/step2/step2_output/unassigned.fasta
Varanus_acanthurus	sq2_long_gecko_dibamus	0.90	50	7673	7666	7609	57	0.7435	0	1	6	7650	5	6	4	500	74	0	0	56	24	21	2	0	1	9	0	26	10	21	0	/scratch/sk4386/sq2_sinederella_2consensus_20260514/run/Varanus_acanthurus/run_20260514_165813	/scratch/sk4386/sq2_sinederella_2consensus_20260514/run/Varanus_acanthurus/run_20260514_165813/step2/step2_output/subfamilies/sq2_long_gecko_dibamus_50pct_from_nonsnakes_consensi.fasta
Varanus_acanthurus	sq2_short_general	0.90	50	17902	17879	17694	185	1.0347	1	7	15	17831	5	6	4	500	160	0	0	145	79	64	9	3	3	6	0	92	21	72	0	/scratch/sk4386/sq2_sinederella_2consensus_20260514/run/Varanus_acanthurus/run_20260514_165813	/scratch/sk4386/sq2_sinederella_2consensus_20260514/run/Varanus_acanthurus/run_20260514_165813/step2/step2_output/subfamilies/sq2_short_general_50pct_from_nonsnakes_consensi.fasta
Varanus_acanthurus	sq2_unassigned	0.90	50	8518	8509	8391	118	1.3868	0	5	4	8484	5	6	4	500	152	0	0	109	46	33	6	3	4	6	0	55	17	46	0	/scratch/sk4386/sq2_sinederella_2consensus_20260514/run/Varanus_acanthurus/run_20260514_165813	/scratch/sk4386/sq2_sinederella_2consensus_20260514/run/Varanus_acanthurus/run_20260514_165813/step2/step2_output/unassigned.fasta
Varanus_komodoensis	sq2_long_gecko_dibamus	0.90	50	8055	8044	8009	35	0.4351	0	6	5	8028	5	6	4	500	3	0	0	19	17	16	1	0	0	3	2	20	0	13	0	/scratch/sk4386/sq2_sinederella_2consensus_20260514/run/Varanus_komodoensis/run_20260514_170019	/scratch/sk4386/sq2_sinederella_2consensus_20260514/run/Varanus_komodoensis/run_20260514_170019/step2/step2_output/subfamilies/sq2_long_gecko_dibamus_50pct_from_nonsnakes_consensi.fasta
Varanus_komodoensis	sq2_short_general	0.90	50	19026	19004	18873	131	0.6893	1	8	13	18936	5	6	4	500	7	0	0	93	58	48	5	5	0	4	2	36	0	93	0	/scratch/sk4386/sq2_sinederella_2consensus_20260514/run/Varanus_komodoensis/run_20260514_170019	/scratch/sk4386/sq2_sinederella_2consensus_20260514/run/Varanus_komodoensis/run_20260514_170019/step2/step2_output/subfamilies/sq2_short_general_50pct_from_nonsnakes_consensi.fasta
Varanus_komodoensis	sq2_unassigned	0.90	50	8141	8131	8068	63	0.7748	1	5	4	8101	5	6	4	500	5	0	0	43	28	22	5	1	0	4	2	12	0	49	0	/scratch/sk4386/sq2_sinederella_2consensus_20260514/run/Varanus_komodoensis/run_20260514_170019	/scratch/sk4386/sq2_sinederella_2consensus_20260514/run/Varanus_komodoensis/run_20260514_170019/step2/step2_output/unassigned.fasta
Vipera_latastei	sq2_long_gecko_dibamus	0.90	50	902	902	898	4	0.4435	0	0	0	901	5	6	4	500	1	0	0	2	2	2	0	0	0	2	0	4	0	0	0	/scratch/sk4386/sq2_sinederella_2consensus_20260514/run/Vipera_latastei/run_20260514_170543	/scratch/sk4386/sq2_sinederella_2consensus_20260514/run/Vipera_latastei/run_20260514_170543/step2/step2_output/subfamilies/sq2_long_gecko_dibamus_50pct_from_nonsnakes_consensi.fasta
Vipera_latastei	sq2_short_general	0.90	50	1598	1597	1582	15	0.9393	0	1	0	1592	5	6	4	500	5	0	0	9	7	6	1	0	0	3	0	13	2	0	0	/scratch/sk4386/sq2_sinederella_2consensus_20260514/run/Vipera_latastei/run_20260514_170543	/scratch/sk4386/sq2_sinederella_2consensus_20260514/run/Vipera_latastei/run_20260514_170543/step2/step2_output/subfamilies/sq2_short_general_50pct_from_nonsnakes_consensi.fasta
Vipera_latastei	sq2_unassigned	0.90	50	478	478	476	2	0.4184	0	0	0	477	5	6	4	500	0	0	0	1	1	1	0	0	0	2	0	2	0	0	0	/scratch/sk4386/sq2_sinederella_2consensus_20260514/run/Vipera_latastei/run_20260514_170543	/scratch/sk4386/sq2_sinederella_2consensus_20260514/run/Vipera_latastei/run_20260514_170543/step2/step2_output/unassigned.fasta
Xantusia_vigilis	sq2_long_gecko_dibamus	0.90	50	19540	19527	16834	2693	13.7912	0	0	13	18723	5	6	4	500	143181	0	0	6900	973	905	14	14	40	63	19	73	8	2593	0	/scratch/sk4386/sq2_sinederella_2consensus_20260514/run/Xantusia_vigilis/run_20260514_170936	/scratch/sk4386/sq2_sinederella_2consensus_20260514/run/Xantusia_vigilis/run_20260514_170936/step2/step2_output/subfamilies/sq2_long_gecko_dibamus_50pct_from_nonsnakes_consensi.fasta
Xantusia_vigilis	sq2_short_general	0.90	50	27796	27754	24511	3243	11.6848	0	1	41	26371	5	6	4	500	506	0	0	2228	1564	1529	16	9	10	18	16	131	50	3046	0	/scratch/sk4386/sq2_sinederella_2consensus_20260514/run/Xantusia_vigilis/run_20260514_170936	/scratch/sk4386/sq2_sinederella_2consensus_20260514/run/Xantusia_vigilis/run_20260514_170936/step2/step2_output/subfamilies/sq2_short_general_50pct_from_nonsnakes_consensi.fasta
Xantusia_vigilis	sq2_unassigned	0.90	50	18624	18609	15835	2774	14.9068	0	1	14	17785	5	6	4	500	143812	0	0	7289	973	880	25	21	47	63	33	122	37	2582	0	/scratch/sk4386/sq2_sinederella_2consensus_20260514/run/Xantusia_vigilis/run_20260514_170936	/scratch/sk4386/sq2_sinederella_2consensus_20260514/run/Xantusia_vigilis/run_20260514_170936/step2/step2_output/unassigned.fasta
Xenopeltis_unicolor	sq2_long_gecko_dibamus	0.90	50	3267	3266	3213	53	1.6228	0	1	0	3245	5	6	4	500	87	0	0	213	11	6	2	1	2	16	0	11	4	38	0	/scratch/sk4386/sq2_sinederella_2consensus_20260514/run/Xenopeltis_unicolor/run_20260514_171047	/scratch/sk4386/sq2_sinederella_2consensus_20260514/run/Xenopeltis_unicolor/run_20260514_171047/step2/step2_output/subfamilies/sq2_long_gecko_dibamus_50pct_from_nonsnakes_consensi.fasta
Xenopeltis_unicolor	sq2_short_general	0.90	50	4957	4954	4892	62	1.2515	0	2	1	4931	5	6	4	500	41	0	0	93	20	12	3	2	3	10	0	32	2	28	0	/scratch/sk4386/sq2_sinederella_2consensus_20260514/run/Xenopeltis_unicolor/run_20260514_171047	/scratch/sk4386/sq2_sinederella_2consensus_20260514/run/Xenopeltis_unicolor/run_20260514_171047/step2/step2_output/subfamilies/sq2_short_general_50pct_from_nonsnakes_consensi.fasta
Xenopeltis_unicolor	sq2_unassigned	0.90	50	2408	2407	2372	35	1.4541	0	1	0	2392	5	6	4	500	13	0	0	67	10	6	1	1	2	10	0	21	0	14	0	/scratch/sk4386/sq2_sinederella_2consensus_20260514/run/Xenopeltis_unicolor/run_20260514_171047	/scratch/sk4386/sq2_sinederella_2consensus_20260514/run/Xenopeltis_unicolor/run_20260514_171047/step2/step2_output/unassigned.fasta
Zootoca_vivipara	sq2_long_gecko_dibamus	0.90	50	8707	8694	8647	47	0.5406	0	0	13	8671	5	6	4	500	18	0	0	106	15	12	1	0	2	11	2	21	0	24	0	/scratch/sk4386/sq2_sinederella_2consensus_20260514/run/Zootoca_vivipara/run_20260514_171130	/scratch/sk4386/sq2_sinederella_2consensus_20260514/run/Zootoca_vivipara/run_20260514_171130/step2/step2_output/subfamilies/sq2_long_gecko_dibamus_50pct_from_nonsnakes_consensi.fasta
Zootoca_vivipara	sq2_short_general	0.90	50	35589	35458	35235	223	0.6289	0	5	126	35399	5	6	4	500	173	0	0	279	87	65	13	5	4	12	4	143	8	68	0	/scratch/sk4386/sq2_sinederella_2consensus_20260514/run/Zootoca_vivipara/run_20260514_171130	/scratch/sk4386/sq2_sinederella_2consensus_20260514/run/Zootoca_vivipara/run_20260514_171130/step2/step2_output/subfamilies/sq2_short_general_50pct_from_nonsnakes_consensi.fasta
Zootoca_vivipara	sq2_unassigned	0.90	50	11019	10994	10916	78	0.7095	0	1	24	10959	5	6	4	500	55	0	0	142	26	18	4	1	3	11	2	37	2	37	0	/scratch/sk4386/sq2_sinederella_2consensus_20260514/run/Zootoca_vivipara/run_20260514_171130	/scratch/sk4386/sq2_sinederella_2consensus_20260514/run/Zootoca_vivipara/run_20260514_171130/step2/step2_output/unassigned.fasta
